DateTime,time,open,high,low,close,manual_signal
2020-04-05,1586044800,6882.9,6914.2525,6679.9775,6777.015,-1.0
2020-04-06,1586131200,6777.865,7372.43,6773.06,7343.6125,-1.0
2020-04-07,1586217600,7339.165,7469.58,7077.0,7202.6875,-1.0
2020-04-08,1586304000,7203.34,7429.22,7154.005,7368.7675,-1.0
2020-04-09,1586390400,7368.2275,7377.635,7106.08,7299.13,-1.0
2020-04-10,1586476800,7300.035,7307.86,6751.2875,6873.5425,-1.0
2020-04-11,1586563200,6872.98,6956.305,6773.16,6888.695,-1.0
2020-04-12,1586649600,6886.86,7205.3625,6791.155,6906.54,-1.0
2020-04-13,1586736000,6906.2925,6907.855,6554.9775,6862.78,-1.0
2020-04-14,1586822400,6862.5925,6990.33,6771.5175,6876.885,-1.0
2020-04-15,1586908800,6873.975,6938.73,6604.545,6622.355,1.0
2020-04-16,1586995200,6621.805,7218.2475,6469.8825,7114.9175,1.0
2020-04-17,1587081600,7117.4925,7158.08,6996.44,7033.0025,1.0
2020-04-18,1587168000,7030.83,7304.32,7023.69,7262.19,1.0
2020-04-19,1587254400,7263.6525,7276.5125,7063.92,7130.2775,1.0
2020-04-20,1587340800,7128.3575,7225.7525,6755.955,6840.2975,1.0
2020-04-21,1587427200,6836.6675,6956.7025,6771.705,6854.9675,1.0
2020-04-22,1587513600,6854.2425,7168.3275,6824.465,7137.135,1.0
2020-04-23,1587600000,7137.2325,7774.8625,7032.835,7507.5425,1.0
2020-04-24,1587686400,7511.375,7612.6275,7386.705,7510.8825,1.0
2020-04-25,1587772800,7514.605,7722.775,7440.985,7548.32,1.0
2020-04-26,1587859200,7552.6525,7713.9375,7483.77,7703.1325,1.0
2020-04-27,1587945600,7706.215,7807.935,7634.8975,7790.8125,1.0
2020-04-28,1588032000,7792.8225,7798.0125,7667.1625,7761.97,1.0
2020-04-29,1588118400,7758.0625,8976.83,7721.185,8788.7275,1.0
2020-04-30,1588204800,8788.4175,9481.3425,8408.75,8627.93,1.0
2020-05-01,1588291200,8627.5475,9071.6575,8621.9875,8827.04,1.0
2020-05-02,1588377600,8830.9925,9020.8,8759.895,8982.3675,1.0
2020-05-03,1588464000,8984.3425,9205.4975,8725.59,8908.385,1.0
2020-05-04,1588550400,8913.4975,8973.09,8533.0975,8884.475,1.0
2020-05-05,1588636800,8892.8125,9122.2125,8771.3625,9028.66,1.0
2020-05-06,1588723200,9030.195,9420.2375,8921.97,9157.695,1.0
2020-05-07,1588809600,9158.815,10078.3,9033.98,10002.4525,1.0
2020-05-08,1588896000,10005.9075,10048.9725,9728.755,9806.6125,1.0
2020-05-09,1588982400,9808.49,9917.4175,9519.3425,9541.09,1.0
2020-05-10,1589068800,9531.785,9564.665,8086.295,8726.06,1.0
2020-05-11,1589155200,8730.695,9179.2075,8189.0,8571.67,1.0
2020-05-12,1589241600,8572.2425,8981.5925,8535.8025,8823.31,1.0
2020-05-13,1589328000,8819.55,9416.6325,8805.295,9316.36,1.0
2020-05-14,1589414400,9320.47,9946.5675,9259.475,9790.2375,1.0
2020-05-15,1589500800,9793.12,9830.9225,9119.3525,9311.1425,1.0
2020-05-16,1589587200,9312.48,9589.685,9215.6475,9387.115,1.0
2020-05-17,1589673600,9379.845,9891.695,9325.61,9670.7075,1.0
2020-05-18,1589760000,9681.9,9956.7475,9435.1675,9726.3225,1.0
2020-05-19,1589846400,9730.0075,9900.4725,9462.7825,9782.035,1.0
2020-05-20,1589932800,9780.02,9841.8525,9251.6425,9512.655,1.0
2020-05-21,1590019200,9509.9075,9568.5675,8800.5,9059.705,1.0
2020-05-22,1590105600,9060.84,9266.6525,8925.2325,9168.7,1.0
2020-05-23,1590192000,9168.925,9313.9875,9084.845,9179.705,1.0
2020-05-24,1590278400,9181.0975,9304.825,8672.7825,8716.09,1.0
2020-05-25,1590364800,8712.855,8978.0075,8636.7325,8898.915,1.0
2020-05-26,1590451200,8900.6675,9014.1125,8692.4575,8842.3325,1.0
2020-05-27,1590537600,8841.4,9228.3025,8810.77,9210.6075,1.0
2020-05-28,1590624000,9207.9025,9608.7525,9110.165,9556.0825,1.0
2020-05-29,1590710400,9574.875,9606.905,9325.355,9424.535,1.0
2020-05-30,1590796800,9426.3825,9754.3975,9328.15,9701.15,1.0
2020-05-31,1590883200,9701.4725,9704.9975,9377.135,9448.95,1.0
2020-06-01,1590969600,9446.96,10413.065,9416.49,10206.925,1.0
2020-06-02,1591056000,10208.5,10236.705,9241.5475,9523.3525,1.0
2020-06-03,1591142400,9519.505,9693.985,9366.23,9666.645,1.0
2020-06-04,1591228800,9667.87,9887.175,9451.915,9791.94,1.0
2020-06-05,1591315200,9793.39,9856.7025,9576.0225,9618.695,1.0
2020-06-06,1591401600,9598.0475,9737.7875,9528.0775,9671.7825,1.0
2020-06-07,1591488000,9671.515,9819.6775,9373.77,9752.5925,1.0
2020-06-08,1591574400,9756.0075,9904.565,9637.3975,9782.51,1.0
2020-06-09,1591660800,9783.695,9894.8825,9563.3325,9780.1875,-1.0
2020-06-10,1591747200,9781.8925,10010.6675,9654.5,9893.4425,-1.0
2020-06-11,1591833600,9894.88,9989.56,9065.3425,9266.2725,-1.0
2020-06-12,1591920000,9267.9175,9552.1025,9230.4125,9464.24,-1.0
2020-06-13,1592006400,9463.8075,9496.5925,9349.555,9474.3475,-1.0
2020-06-14,1592092800,9476.19,9479.8725,9237.5025,9329.6975,-1.0
2020-06-15,1592179200,9330.565,9501.075,8900.6275,9430.55,-1.0
2020-06-16,1592265600,9431.735,9591.99,9382.5925,9527.8625,-1.0
2020-06-17,1592352000,9529.1525,9560.9925,9231.4375,9456.335,-1.0
2020-06-18,1592438400,9456.9225,9480.5875,9264.2625,9376.185,-1.0
2020-06-19,1592524800,9374.175,9432.22,9226.7625,9301.5275,-1.0
2020-06-20,1592611200,9298.1125,9395.745,9157.9375,9357.655,-1.0
2020-06-21,1592697600,9357.0375,9419.1375,9275.3025,9285.9675,-1.0
2020-06-22,1592784000,9287.1825,9789.2375,9270.7025,9688.89,-1.0
2020-06-23,1592870400,9691.105,9723.8025,9574.8225,9622.5125,-1.0
2020-06-24,1592956800,9622.08,9665.435,9196.96,9287.6075,-1.0
2020-06-25,1593043200,9286.41,9337.93,8985.61,9238.85,-1.0
2020-06-26,1593129600,9239.4675,9289.185,9027.6,9154.7425,-1.0
2020-06-27,1593216000,9156.2025,9186.245,8820.86,9004.28,-1.0
2020-06-28,1593302400,9005.5575,9190.005,8933.915,9116.235,-1.0
2020-06-29,1593388800,9116.4575,9236.1375,9015.0975,9186.5725,-1.0
2020-06-30,1593475200,9189.4375,9201.74,9060.67,9134.015,-1.0
2020-07-01,1593561600,9135.67,9298.875,9080.5,9236.385,-1.0
2020-07-02,1593648000,9236.2825,9267.49,8938.15,9093.3025,-1.0
2020-07-03,1593734400,9092.415,9137.155,9037.0275,9064.355,-1.0
2020-07-04,1593820800,9060.425,9195.8325,9043.9725,9140.565,-1.0
2020-07-05,1593907200,9140.645,9146.9125,8909.995,9078.89,-1.0
2020-07-06,1593993600,9078.75,9373.985,9063.265,9347.485,-1.0
2020-07-07,1594080000,9346.455,9381.0175,9203.28,9256.945,-1.0
2020-07-08,1594166400,9257.3575,9481.8975,9233.9225,9439.2625,-1.0
2020-07-09,1594252800,9440.375,9446.305,9158.195,9237.495,-1.0
2020-07-10,1594339200,9237.505,9319.0125,9105.285,9288.2275,-1.0
2020-07-11,1594425600,9291.46,9302.8975,9182.91,9237.305,-1.0
2020-07-12,1594512000,9236.215,9345.4575,9158.34,9302.385,-1.0
2020-07-13,1594598400,9303.9125,9351.015,9194.2325,9236.425,-1.0
2020-07-14,1594684800,9236.455,9280.195,9095.44,9254.7525,-1.0
2020-07-15,1594771200,9256.3625,9275.01,9154.3475,9192.06,-1.0
2020-07-16,1594857600,9192.46,9215.4725,9021.5525,9131.8425,-1.0
2020-07-17,1594944000,9131.845,9192.805,9070.505,9154.5775,-1.0
2020-07-18,1595030400,9153.08,9213.22,9124.25,9176.77,-1.0
2020-07-19,1595116800,9176.23,9242.695,9107.7725,9213.99,-1.0
2020-07-20,1595203200,9215.165,9225.375,9131.4275,9163.4975,-1.0
2020-07-21,1595289600,9163.33,9438.6425,9157.2725,9393.93,-1.0
2020-07-22,1595376000,9395.2525,9568.7525,9280.2975,9536.005,-1.0
2020-07-23,1595462400,9535.8875,9682.0,9454.82,9615.2925,-1.0
2020-07-24,1595548800,9614.7225,9648.775,9478.0275,9551.6625,-1.0
2020-07-25,1595635200,9553.085,9748.7275,9537.345,9712.85,1.0
2020-07-26,1595721600,9713.8075,10184.4275,9662.9875,9942.845,1.0
2020-07-27,1595808000,9942.1375,11418.6925,9935.68,11046.5075,1.0
2020-07-28,1595894400,11049.5475,11261.725,10584.12,10936.3525,1.0
2020-07-29,1595980800,10934.42,11354.1175,10851.87,11111.095,1.0
2020-07-30,1596067200,11107.9575,11188.875,10824.9775,11128.7175,1.0
2020-07-31,1596153600,11128.4075,11460.3875,10977.225,11354.0825,1.0
2020-08-01,1596240000,11354.7825,11887.3725,11236.305,11812.8525,1.0
2020-08-02,1596326400,11810.79,12123.25,10569.515,11066.14,1.0
2020-08-03,1596412800,11071.575,11484.8475,10895.7775,11236.735,1.0
2020-08-04,1596499200,11236.5325,11419.9425,11011.99,11196.035,1.0
2020-08-05,1596585600,11196.9275,11798.3125,11086.7475,11755.6625,1.0
2020-08-06,1596672000,11756.68,11915.7825,11578.7675,11773.815,1.0
2020-08-07,1596758400,11773.86,11920.0825,11318.0175,11606.64,1.0
2020-08-08,1596844800,11607.3625,11818.0375,11534.3475,11775.3475,1.0
2020-08-09,1596931200,11771.34,11808.6325,11533.1325,11687.8175,1.0
2020-08-10,1597017600,11688.64,12087.03,11503.8775,11900.03,1.0
2020-08-11,1597104000,11898.18,11943.9,11128.875,11390.4325,1.0
2020-08-12,1597190400,11388.96,11626.28,11154.1675,11570.8525,1.0
2020-08-13,1597276800,11572.6525,11803.0375,11273.5125,11795.9525,1.0
2020-08-14,1597363200,11796.93,11865.0175,11654.565,11777.6425,1.0
2020-08-15,1597449600,11775.915,11988.285,11680.0275,11859.085,1.0
2020-08-16,1597536000,11860.2075,11940.23,11692.625,11918.0375,1.0
2020-08-17,1597622400,11920.0225,12479.03,11775.86,12305.01,1.0
2020-08-18,1597708800,12305.61,12400.5575,11820.1775,11956.1375,1.0
2020-08-19,1597795200,11953.5125,12023.345,11572.7725,11759.73,1.0
2020-08-20,1597881600,11760.7725,11896.4925,11674.695,11857.665,1.0
2020-08-21,1597968000,11860.445,11884.365,11489.09,11529.71,1.0
2020-08-22,1598054400,11530.9,11692.6375,11366.0,11673.4475,1.0
2020-08-23,1598140800,11675.35,11714.815,11524.1375,11650.9875,1.0
2020-08-24,1598227200,11653.5025,11826.32,11595.3825,11760.61,1.0
2020-08-25,1598313600,11755.1675,11771.9825,11113.87,11327.7775,1.0
2020-08-26,1598400000,11327.705,11612.1975,11252.9325,11470.0925,1.0
2020-08-27,1598486400,11467.09,11598.1575,11126.615,11320.96,1.0
2020-08-28,1598572800,11325.72,11553.24,11289.0,11538.1775,1.0
2020-08-29,1598659200,11537.465,11584.415,11421.0575,11476.0725,1.0
2020-08-30,1598745600,11475.4225,11716.2325,11465.86,11713.08,1.0
2020-08-31,1598832000,11714.0825,11781.8575,11577.34,11657.2675,1.0
2020-09-01,1598918400,11658.1025,12072.2525,11528.29,11925.9375,1.0
2020-09-02,1599004800,11922.5575,11955.2125,11166.905,11397.7725,-1.0
2020-09-03,1599091200,11397.7475,11477.3225,10004.465,10171.66,-1.0
2020-09-04,1599177600,10171.5375,10638.5725,9924.1675,10470.58,-1.0
2020-09-05,1599264000,10471.5225,10567.8575,9849.325,10166.6325,-1.0
2020-09-06,1599350400,10166.9575,10353.8275,10003.365,10258.09,-1.0
2020-09-07,1599436800,10258.355,10414.165,9879.525,10378.3725,-1.0
2020-09-08,1599523200,10379.2975,10442.1825,9836.43,10126.5975,-1.0
2020-09-09,1599609600,10126.9275,10349.595,9984.3225,10230.265,-1.0
2020-09-10,1599696000,10224.53,10493.5,10221.5525,10346.9775,-1.0
2020-09-11,1599782400,10353.27,10412.255,10204.6,10397.115,-1.0
2020-09-12,1599868800,10398.9425,10480.1625,10277.7975,10446.5425,-1.0
2020-09-13,1599955200,10447.61,10579.535,10215.5675,10335.125,-1.0
2020-09-14,1600041600,10336.025,10757.6625,10252.8975,10678.515,-1.0
2020-09-15,1600128000,10676.8725,10940.065,10616.0875,10785.185,-1.0
2020-09-16,1600214400,10785.71,11099.7125,10665.705,10955.3775,-1.0
2020-09-17,1600300800,10953.6575,11047.5,10742.97,10944.9075,-1.0
2020-09-18,1600387200,10946.64,11039.885,10816.3425,10935.2675,-1.0
2020-09-19,1600473600,10937.1075,11180.7775,10894.34,11081.2575,-1.0
2020-09-20,1600560000,11079.2625,11081.435,10762.7825,10921.11,-1.0
2020-09-21,1600646400,10920.915,10993.4575,10264.16,10415.95,-1.0
2020-09-22,1600732800,10418.82,10575.6275,10357.85,10535.13,-1.0
2020-09-23,1600819200,10532.25,10540.36,10136.78,10234.5225,-1.0
2020-09-24,1600905600,10236.13,10793.0075,10193.29,10749.985,-1.0
2020-09-25,1600992000,10743.3475,10763.1775,10555.5225,10691.8375,-1.0
2020-09-26,1601078400,10692.9925,10830.5425,10658.6975,10731.0575,-1.0
2020-09-27,1601164800,10731.4225,10803.1125,10597.205,10777.975,-1.0
2020-09-28,1601251200,10779.07,10952.065,10630.8075,10694.3675,-1.0
2020-09-29,1601337600,10689.7125,10863.9625,10638.9925,10841.27,-1.0
2020-09-30,1601424000,10843.19,10847.07,10663.015,10779.1975,-1.0
2020-10-01,1601510400,10781.775,10933.495,10440.445,10621.26,-1.0
2020-10-02,1601596800,10616.7775,10664.1625,10376.45,10575.665,-1.0
2020-10-03,1601683200,10573.93,10605.415,10501.665,10553.77,-1.0
2020-10-04,1601769600,10550.8125,10695.945,10527.1,10673.18,-1.0
2020-10-05,1601856000,10671.41,10801.43,10624.7075,10796.145,-1.0
2020-10-06,1601942400,10798.5575,10801.7125,10526.6975,10605.925,-1.0
2020-10-07,1602028800,10604.4575,10682.2775,10550.5225,10670.07,-1.0
2020-10-08,1602115200,10670.0825,10962.8675,10536.7925,10930.3575,1.0
2020-10-09,1602201600,10930.75,11114.615,10834.735,11056.8425,1.0
2020-10-10,1602288000,11059.6125,11496.96,11059.0725,11302.1025,1.0
2020-10-11,1602374400,11301.5225,11446.105,11274.05,11375.2725,1.0
2020-10-12,1602460800,11375.1175,11730.81,11188.1575,11535.7025,1.0
2020-10-13,1602547200,11536.2125,11563.475,11314.36,11428.785,1.0
2020-10-14,1602633600,11431.935,11555.2025,11294.5625,11429.41,1.0
2020-10-15,1602720000,11431.4725,11628.465,11256.1525,11506.8975,1.0
2020-10-16,1602806400,11508.1575,11550.1225,11203.2725,11325.495,1.0
2020-10-17,1602892800,11329.3775,11414.77,11262.6325,11367.0225,1.0
2020-10-18,1602979200,11366.2075,11522.5275,11353.61,11513.1325,1.0
2020-10-19,1603065600,11513.305,11836.43,11415.9425,11760.85,1.0
2020-10-20,1603152000,11759.615,12059.84,11684.65,11923.335,1.0
2020-10-21,1603238400,11924.4075,13246.91,11901.965,12811.105,1.0
2020-10-22,1603324800,12807.73,13204.8725,12693.8125,12985.925,1.0
2020-10-23,1603411200,12986.17,13036.05,12730.4675,12940.1275,1.0
2020-10-24,1603497600,12939.9675,13177.5325,12887.6275,13127.4175,1.0
2020-10-25,1603584000,13125.275,13358.31,12873.7975,13042.115,1.0
2020-10-26,1603670400,13042.86,13249.1225,12785.0975,13071.8175,1.0
2020-10-27,1603756800,13070.675,13793.88,13062.795,13663.92,1.0
2020-10-28,1603843200,13673.1175,13860.09,12895.8925,13286.15,1.0
2020-10-29,1603929600,13284.9025,13651.245,12981.235,13466.4225,1.0
2020-10-30,1604016000,13462.745,13694.34,13131.6625,13570.475,1.0
2020-10-31,1604102400,13573.2125,14095.095,13428.1875,13809.855,1.0
2020-11-01,1604188800,13799.875,13904.565,13632.055,13768.1925,1.0
2020-11-02,1604275200,13768.7125,13842.045,13219.33,13569.8975,1.0
2020-11-03,1604361600,13571.555,14079.0225,13295.6775,14037.9525,1.0
2020-11-04,1604448000,14039.165,14273.01,13535.4775,14162.7275,1.0
2020-11-05,1604534400,14168.4275,15776.2175,14113.8275,15610.2425,1.0
2020-11-06,1604620800,15608.8575,15971.91,15189.285,15601.6325,1.0
2020-11-07,1604707200,15604.7475,15776.6,14344.0575,14838.965,1.0
2020-11-08,1604793600,14836.535,15663.25,14722.9175,15484.175,1.0
2020-11-09,1604880000,15483.03,15851.17,14821.125,15336.3475,1.0
2020-11-10,1604966400,15344.6825,15479.5525,15095.6375,15315.845,1.0
2020-11-11,1605052800,15316.85,15995.2525,15294.3275,15708.3125,1.0
2020-11-12,1605139200,15706.815,16366.1325,15455.16,16308.4025,1.0
2020-11-13,1605225600,16307.6025,16492.71,15973.975,16342.135,1.0
2020-11-14,1605312000,16343.145,16344.37,15717.085,16084.31,1.0
2020-11-15,1605398400,16088.0525,16171.57,15795.8875,15969.7475,1.0
2020-11-16,1605484800,15970.3225,16892.7075,15880.955,16724.2975,1.0
2020-11-17,1605571200,16728.7325,17877.73,16573.09,17683.04,1.0
2020-11-18,1605657600,17680.9875,18488.8075,17166.6225,17792.575,1.0
2020-11-19,1605744000,17797.855,18194.815,17359.4125,17825.9375,1.0
2020-11-20,1605830400,17826.62,18827.1375,17767.41,18682.275,1.0
2020-11-21,1605916800,18682.175,18978.125,18342.8625,18719.7725,1.0
2020-11-22,1606003200,18721.2125,18769.195,17612.955,18442.9925,1.0
2020-11-23,1606089600,18440.27,18780.865,18005.4175,18390.1275,1.0
2020-11-24,1606176000,18385.2675,19450.9275,18066.4375,19169.8975,1.0
2020-11-25,1606262400,19172.4325,19499.825,18469.7725,18727.64,1.0
2020-11-26,1606348800,18723.79,18911.8575,16210.25,17167.14,1.0
2020-11-27,1606435200,17169.0075,17469.82,16432.5675,17152.92,1.0
2020-11-28,1606521600,17155.465,17905.515,16877.7075,17740.0325,1.0
2020-11-29,1606608000,17734.33,18356.78,17535.1925,18197.3175,1.0
2020-11-30,1606694400,18201.185,19867.6775,17817.1475,19709.54,1.0
2020-12-01,1606780800,19710.6975,19930.2625,18106.75,18779.14,1.0
2020-12-02,1606867200,18778.85,19345.0325,18340.775,19228.5225,1.0
2020-12-03,1606953600,19220.4625,19617.0375,18875.8675,19449.8775,1.0
2020-12-04,1607040000,19442.015,19546.265,18577.885,18667.305,1.0
2020-12-05,1607126400,18654.6875,19186.88,18505.5,19159.9025,1.0
2020-12-06,1607212800,19160.87,19427.66,18873.605,19382.2675,1.0
2020-12-07,1607299200,19379.3375,19432.1425,18903.5,19178.0925,1.0
2020-12-08,1607385600,19182.1275,19299.675,18158.5675,18317.92,1.0
2020-12-09,1607472000,18314.79,18648.5875,17634.8075,18551.52,1.0
2020-12-10,1607558400,18548.5225,18559.9175,17908.525,18247.86,1.0
2020-12-11,1607644800,18250.97,18289.5875,17575.405,18035.185,1.0
2020-12-12,1607731200,18030.74,18962.175,18021.5375,18814.7425,1.0
2020-12-13,1607817600,18813.5075,19416.4575,18700.0425,19164.8025,1.0
2020-12-14,1607904000,19160.14,19347.395,18987.4775,19276.6175,1.0
2020-12-15,1607990400,19276.5775,19562.59,19051.5425,19442.235,1.0
2020-12-16,1608076800,19441.39,21574.2375,19295.1975,21370.875,1.0
2020-12-17,1608163200,21360.8575,23771.485,21253.0875,22824.125,1.0
2020-12-18,1608249600,22823.2075,23289.67,22339.66,23139.1,1.0
2020-12-19,1608336000,23141.4825,24222.145,22768.5825,23856.9625,1.0
2020-12-20,1608422400,23856.13,24298.685,23098.7525,23478.995,1.0
2020-12-21,1608508800,23477.04,24111.9925,21894.5975,22729.9375,1.0
2020-12-22,1608595200,22739.8975,23843.4625,22375.885,23834.1425,1.0
2020-12-23,1608681600,23826.42,24090.325,22620.0175,23234.965,1.0
2020-12-24,1608768000,23228.25,23778.535,22712.935,23725.2675,1.0
2020-12-25,1608854400,23724.985,24775.6625,23415.7475,24705.6075,1.0
2020-12-26,1608940800,24712.245,26816.0875,24493.8325,26458.9725,1.0
2020-12-27,1609027200,26469.4325,28378.285,25777.165,26259.1225,1.0
2020-12-28,1609113600,26244.505,27474.655,26077.5475,27037.975,1.0
2020-12-29,1609200000,27037.58,27397.9425,25840.645,27370.3625,1.0
2020-12-30,1609286400,27371.025,28999.67,27332.21,28889.2925,1.0
2020-12-31,1609372800,28891.96,29307.5225,27931.1875,28980.4525,1.0
2021-01-01,1609459200,28976.325,29685.86,28697.7925,29404.035,1.0
2021-01-02,1609545600,29406.05,33296.94,29040.885,32223.72,1.0
2021-01-03,1609632000,32213.8175,34789.25,31992.4175,33096.3175,1.0
2021-01-04,1609718400,33087.9125,33664.5125,27741.085,32028.2225,1.0
2021-01-05,1609804800,32042.0275,34508.74,29913.0975,34052.6475,1.0
2021-01-06,1609891200,34066.4,37017.4575,33363.855,36873.235,1.0
2021-01-07,1609977600,36870.75,40400.09,36214.3875,39501.2625,1.0
2021-01-08,1610064000,39502.535,41993.84,36597.3675,40658.6275,1.0
2021-01-09,1610150400,40657.505,41416.715,38780.545,40252.745,1.0
2021-01-10,1610236800,40249.61,41452.4575,34530.2675,38173.345,1.0
2021-01-11,1610323200,38170.4125,38270.6825,30228.2825,35458.7275,1.0
2021-01-12,1610409600,35446.215,36630.42,32393.75,34034.27,1.0
2021-01-13,1610496000,34033.685,37833.0,32329.7975,37399.4125,-1.0
2021-01-14,1610582400,37393.2,40117.0575,36724.085,39139.71,-1.0
2021-01-15,1610668800,39135.6625,39694.275,34350.89,36760.6625,-1.0
2021-01-16,1610755200,36771.7925,37947.3325,35366.2,36010.045,-1.0
2021-01-17,1610841600,36009.2125,36853.2525,33850.635,35822.635,-1.0
2021-01-18,1610928000,35821.3125,37430.2675,34761.7025,36625.1225,-1.0
2021-01-19,1611014400,36635.3575,37881.4775,35892.9975,35915.7275,-1.0
2021-01-20,1611100800,35911.435,36419.1025,33390.2525,35502.5025,-1.0
2021-01-21,1611187200,35506.705,35625.29,30027.815,30839.85,-1.0
2021-01-22,1611273600,30834.9025,33865.4625,28876.7525,33001.7675,-1.0
2021-01-23,1611360000,32993.905,33483.285,31413.075,32111.9675,-1.0
2021-01-24,1611446400,32105.98,33081.37,30949.995,32291.01,-1.0
2021-01-25,1611532800,32293.7375,34883.565,31922.43,32271.49,-1.0
2021-01-26,1611619200,32264.215,32949.3625,30831.8925,32513.14,-1.0
2021-01-27,1611705600,32518.9325,32586.6125,29188.3475,30427.465,-1.0
2021-01-28,1611792000,30425.22,33935.67,29898.155,33460.75,-1.0
2021-01-29,1611878400,33465.565,38619.21,31987.0675,34257.6675,-1.0
2021-01-30,1611964800,34262.835,34916.8525,32857.015,34321.5575,-1.0
2021-01-31,1612051200,34313.79,34388.2375,32198.425,33138.715,1.0
2021-02-01,1612137600,33128.5375,34716.1675,32328.07,33538.6675,1.0
2021-02-02,1612224000,33525.58,36001.9175,33447.0525,35514.35,1.0
2021-02-03,1612310400,35507.6375,37731.73,35396.7925,37688.8725,1.0
2021-02-04,1612396800,37695.575,38759.6525,36191.795,36987.58,1.0
2021-02-05,1612483200,36984.185,38359.3625,36607.3075,38309.9425,1.0
2021-02-06,1612569600,38324.045,41002.87,38239.81,39273.03,1.0
2021-02-07,1612656000,39271.3675,39729.6575,37398.695,38868.57,1.0
2021-02-08,1612742400,38877.0325,46747.33,38060.915,46431.245,1.0
2021-02-09,1612828800,46425.3975,48209.83,45026.95,46507.4325,1.0
2021-02-10,1612915200,46513.2875,47355.3125,43737.6775,44851.2175,1.0
2021-02-11,1613001600,44852.7825,48696.6625,44033.3775,47987.3325,1.0
2021-02-12,1613088000,48003.775,48953.0,46271.0225,47438.89,1.0
2021-02-13,1613174400,47423.98,48216.0375,46252.0625,47230.7775,1.0
2021-02-14,1613260800,47243.4525,49703.665,47080.9625,48660.45,1.0
2021-02-15,1613347200,48652.725,49057.39,45805.93,47935.8025,1.0
2021-02-16,1613433600,47954.68,50612.4425,47042.8425,49184.5275,1.0
2021-02-17,1613520000,49161.2025,52682.1,48943.0775,52161.055,1.0
2021-02-18,1613606400,52152.79,52568.25,50883.085,51591.845,1.0
2021-02-19,1613692800,51583.0425,56381.95,50633.93,55970.9075,1.0
2021-02-20,1613779200,55977.665,57529.345,53990.5,55951.415,1.0
2021-02-21,1613865600,55930.86,58385.435,55528.68,57492.04,1.0
2021-02-22,1613952000,57489.645,57579.39,46504.5,54157.43,1.0
2021-02-23,1614038400,54146.56,54199.7775,44927.8325,48910.7625,1.0
2021-02-24,1614124800,48912.6,51439.8575,47004.4275,49748.1475,1.0
2021-02-25,1614211200,49729.9475,52083.2225,46706.2525,47074.9725,1.0
2021-02-26,1614297600,47064.12,48465.585,44135.8775,46329.3875,1.0
2021-02-27,1614384000,46334.9375,48363.0775,45046.42,46167.6375,1.0
2021-02-28,1614470400,46143.98,46671.86,43022.665,45238.64,1.0
2021-03-01,1614556800,45247.535,49832.155,45039.19,49638.7375,1.0
2021-03-02,1614643200,49636.5,50254.1925,47067.8375,48502.02,1.0
2021-03-03,1614729600,48489.2475,52664.005,48167.45,50383.17,1.0
2021-03-04,1614816000,50387.995,51810.0,47500.75,48356.735,1.0
2021-03-05,1614902400,48354.1025,49485.035,46280.6975,48754.165,1.0
2021-03-06,1614988800,48769.7,49235.55,47092.015,48902.95,1.0
2021-03-07,1615075200,48918.635,51471.6825,48918.6075,50977.285,1.0
2021-03-08,1615161600,50978.235,52429.915,49328.4025,52408.405,1.0
2021-03-09,1615248000,52414.055,54932.065,51867.7275,54923.065,1.0
2021-03-10,1615334400,54923.3825,57395.7575,53033.75,55858.515,1.0
2021-03-11,1615420800,55887.4925,58134.7725,54280.01,57804.9625,1.0
2021-03-12,1615507200,57844.1125,58080.98,55037.8,57241.355,1.0
2021-03-13,1615593600,57245.175,61769.97,56083.99,61173.205,1.0
2021-03-14,1615680000,61182.42,61675.9225,58973.2475,58997.37,1.0
2021-03-15,1615766400,58976.94,60584.4475,54579.2,55628.8325,1.0
2021-03-16,1615852800,55619.235,56945.6175,53045.1725,56917.675,1.0
2021-03-17,1615939200,56927.0775,58986.6325,54039.74,58917.345,1.0
2021-03-18,1616025600,58935.775,60070.81,57015.995,57640.2625,1.0
2021-03-19,1616112000,57643.065,59455.7075,56255.4975,58090.0,1.0
2021-03-20,1616198400,58047.6425,59911.25,57766.6975,58117.48,1.0
2021-03-21,1616284800,58098.9625,58690.7725,55520.0975,57378.6275,1.0
2021-03-22,1616371200,57389.9675,58433.005,53740.7925,54095.6,1.0
2021-03-23,1616457600,54109.8675,55860.74,52986.0075,54364.5825,1.0
2021-03-24,1616544000,54344.6,57215.575,51675.0525,52289.62,1.0
2021-03-25,1616630400,52280.7175,53241.0025,50372.0775,51324.1225,1.0
2021-03-26,1616716800,51313.0725,55117.2475,51259.3725,55069.4325,1.0
2021-03-27,1616803200,55078.1075,56654.62,53976.0875,55853.0675,1.0
2021-03-28,1616889600,55847.195,56571.5875,54695.105,55786.5525,1.0
2021-03-29,1616976000,55787.1175,58463.2875,54900.1275,57610.7275,1.0
2021-03-30,1617062400,57617.5475,59387.785,57022.6,58774.2275,1.0
2021-03-31,1617148800,58779.575,59804.0425,56820.2625,58793.155,1.0
2021-04-01,1617235200,58787.5975,59482.135,57932.2,58728.87,1.0
2021-04-02,1617321600,58733.845,60070.765,58466.72,59004.0675,1.0
2021-04-03,1617408000,58990.5175,59818.0025,56942.5025,57091.5725,1.0
2021-04-04,1617494400,57084.6675,58499.385,56478.295,58210.9525,1.0
2021-04-05,1617580800,58211.5525,59267.465,56811.98,59121.7175,1.0
2021-04-06,1617667200,59127.0725,59470.1625,57331.6075,58022.615,1.0
2021-04-07,1617753600,58026.6,58656.4725,55437.9825,55940.0875,1.0
2021-04-08,1617840000,55937.9125,58155.705,55702.8225,58075.6975,1.0
2021-04-09,1617926400,58065.4275,58884.335,57638.99,58108.4575,1.0
2021-04-10,1618012800,58120.65,61207.0475,57881.8525,59776.6,1.0
2021-04-11,1618099200,59773.855,60667.6225,59180.2275,59975.28,1.0
2021-04-12,1618185600,59980.3525,61207.6625,59387.53,59839.575,1.0
2021-04-13,1618272000,59834.645,63788.2225,59790.0525,63589.9225,1.0
2021-04-14,1618358400,63598.0425,64898.555,61305.97,62974.7825,1.0
2021-04-15,1618444800,62966.465,63843.0775,62032.6575,63237.2225,1.0
2021-04-16,1618531200,63238.815,63595.2,60061.4025,61438.79,1.0
2021-04-17,1618617600,61440.35,62596.0475,59701.0625,60061.09,1.0
2021-04-18,1618704000,60073.2525,60429.6,51120.145,56271.87,-1.0
2021-04-19,1618790400,56257.9175,57613.09,54244.52,55700.7925,-1.0
2021-04-20,1618876800,55700.7925,57121.435,53408.7675,56501.88,-1.0
2021-04-21,1618963200,56493.93,56818.145,53612.2775,53806.5825,-1.0
2021-04-22,1619049600,53811.6575,55475.2325,50447.9375,51704.1075,-1.0
2021-04-23,1619136000,51700.0375,52133.46,47449.9875,51187.5525,-1.0
2021-04-24,1619222400,51187.1675,51231.98,48735.405,50107.2925,-1.0
2021-04-25,1619308800,50111.84,50590.7025,47012.0525,49123.22,-1.0
2021-04-26,1619395200,49123.6625,54410.9625,48817.06,54059.8475,-1.0
2021-04-27,1619481600,54044.9225,55517.7875,53331.4425,55080.8275,-1.0
2021-04-28,1619568000,55081.3225,56487.7225,53857.0025,54895.465,-1.0
2021-04-29,1619654400,54890.7475,55232.535,52382.2825,53590.8525,-1.0
2021-04-30,1619740800,53588.74,58036.4525,53075.905,57789.0575,-1.0
2021-05-01,1619827200,57791.435,58544.5525,57066.835,57859.9475,-1.0
2021-05-02,1619913600,57870.175,57974.3025,56085.4775,56625.7675,-1.0
2021-05-03,1620000000,56617.0825,58988.98,56507.07,57209.99,-1.0
2021-05-04,1620086400,57214.2275,57243.595,53085.2875,53239.4225,-1.0
2021-05-05,1620172800,53225.2725,57982.8375,52946.1525,57511.91,-1.0
2021-05-06,1620259200,57513.26,58426.74,55270.0,56439.795,-1.0
2021-05-07,1620345600,56437.5075,58732.45,55300.0825,57384.81,-1.0
2021-05-08,1620432000,57386.145,59551.37,56988.975,58969.925,-1.0
2021-05-09,1620518400,58964.3875,59295.8725,56280.6075,58303.4025,-1.0
2021-05-10,1620604800,58324.56,59594.7475,53501.0775,55879.4175,-1.0
2021-05-11,1620691200,55872.7375,56959.09,54512.495,56759.9075,-1.0
2021-05-12,1620777600,56760.32,58011.03,48496.25,49459.7575,-1.0
2021-05-13,1620864000,49450.7875,51680.7675,45425.0,49685.1225,-1.0
2021-05-14,1620950400,49693.9575,51564.18,48887.87,49890.035,-1.0
2021-05-15,1621036800,49895.6275,50746.59,46550.8825,46756.4075,-1.0
2021-05-16,1621123200,46763.9825,49806.77,43779.675,46456.4725,-1.0
2021-05-17,1621209600,46453.9,46645.2125,42098.05,43577.1775,-1.0
2021-05-18,1621296000,43570.15,45851.655,42233.88,42879.025,-1.0
2021-05-19,1621382400,42891.2675,43585.1975,29641.5,36752.975,-1.0
2021-05-20,1621468800,36769.6325,42697.5575,34997.25,40612.6375,-1.0
2021-05-21,1621555200,40609.395,42286.12,33513.86,37335.305,-1.0
2021-05-22,1621641600,37328.5525,38870.15,35259.9525,37485.48,-1.0
2021-05-23,1621728000,37477.6875,38301.9675,31100.325,34730.7875,-1.0
2021-05-24,1621814400,34737.5725,39967.605,34420.1475,38853.5125,-1.0
2021-05-25,1621900800,38858.4525,39892.5775,36489.3825,38384.4825,-1.0
2021-05-26,1621987200,38376.97,40889.7,37840.425,39294.965,-1.0
2021-05-27,1622073600,39295.2675,40425.205,37187.995,38536.2775,-1.0
2021-05-28,1622160000,38560.21,38900.745,34668.8075,35685.1975,-1.0
2021-05-29,1622246400,35687.235,37323.2525,33650.915,34619.3575,-1.0
2021-05-30,1622332800,34636.9375,36507.8075,33397.8725,35676.71,-1.0
2021-05-31,1622419200,35670.66,37531.36,34194.55,37308.4825,-1.0
2021-06-01,1622505600,37279.855,37923.395,35701.03,36685.2475,-1.0
2021-06-02,1622592000,36685.9975,38239.8175,35926.55,37580.4475,-1.0
2021-06-03,1622678400,37578.315,39484.6825,37168.5425,39229.3325,-1.0
2021-06-04,1622764800,39239.695,39272.9225,35581.8525,36864.8875,-1.0
2021-06-05,1622851200,36858.225,37925.9125,34831.93,35536.965,-1.0
2021-06-06,1622937600,35536.7,36487.52,35254.77,35803.195,-1.0
2021-06-07,1623024000,35802.6825,36807.27,33330.3475,33584.455,-1.0
2021-06-08,1623110400,33569.8925,34070.955,31011.84,33412.1675,-1.0
2021-06-09,1623196800,33409.7075,37547.8775,32417.75,37401.73,-1.0
2021-06-10,1623283200,37413.4225,38426.9825,35812.015,36685.765,-1.0
2021-06-11,1623369600,36704.15,37679.9875,35955.0525,37336.5825,-1.0
2021-06-12,1623456000,37336.5875,37451.13,34650.365,35546.655,-1.0
2021-06-13,1623542400,35554.6275,39396.4125,34789.5325,39026.525,-1.0
2021-06-14,1623628800,39026.76,41063.925,38750.87,40534.765,-1.0
2021-06-15,1623715200,40534.46,41346.485,39500.6125,40174.73,-1.0
2021-06-16,1623801600,40165.33,40497.1525,38094.855,38349.0475,-1.0
2021-06-17,1623888000,38352.3575,39561.115,37373.78,38078.7175,-1.0
2021-06-18,1623974400,38084.62,38208.0925,35147.245,35828.5925,-1.0
2021-06-19,1624060800,35835.41,36452.9525,34824.45,35496.7275,-1.0
2021-06-20,1624147200,35490.5575,36126.265,33346.765,35592.295,-1.0
2021-06-21,1624233600,35593.3025,35749.11,31253.715,31628.705,-1.0
2021-06-22,1624320000,31613.265,33318.1675,28754.4,32531.0825,-1.0
2021-06-23,1624406400,32533.8975,34902.905,31877.5875,33676.2075,-1.0
2021-06-24,1624492800,33690.8925,35292.6925,32315.595,34666.66,-1.0
2021-06-25,1624579200,34673.2125,35406.58,31288.2575,31594.5075,-1.0
2021-06-26,1624665600,31589.3075,32712.1025,30144.49,32275.4475,-1.0
2021-06-27,1624752000,32275.5875,34742.985,32014.125,34690.9775,-1.0
2021-06-28,1624838400,34706.3675,35308.1725,33875.2425,34488.3475,-1.0
2021-06-29,1624924800,34494.635,36650.9475,34247.8275,35907.5775,-1.0
2021-06-30,1625011200,35899.955,36095.705,34049.59,35041.1075,-1.0
2021-07-01,1625097600,35068.0775,35086.5175,32711.0625,33534.25,-1.0
2021-07-02,1625184000,33519.6675,33979.1325,32706.545,33809.2275,-1.0
2021-07-03,1625270400,33806.4,34946.3375,33331.0525,34684.7125,-1.0
2021-07-04,1625356800,34682.1675,35961.4025,34393.62,35293.315,-1.0
2021-07-05,1625443200,35283.9775,35287.76,33120.04,33697.2525,-1.0
2021-07-06,1625529600,33704.8575,35107.0525,33473.995,34232.385,-1.0
2021-07-07,1625616000,34225.53,35075.04,33800.6575,33882.7525,-1.0
2021-07-08,1625702400,33876.09,33941.29,32106.4,32883.2225,-1.0
2021-07-09,1625788800,32882.375,34110.12,32277.8175,33818.1725,-1.0
2021-07-10,1625875200,33824.505,34260.8775,33014.06,33519.4025,-1.0
2021-07-11,1625961600,33518.1,34614.3225,33334.2325,34251.9575,-1.0
2021-07-12,1626048000,34265.07,34670.7275,32668.2225,33103.185,-1.0
2021-07-13,1626134400,33092.655,33338.255,32199.885,32724.8375,-1.0
2021-07-14,1626220800,32733.18,33113.145,31586.635,32819.0775,-1.0
2021-07-15,1626307200,32818.685,33186.2225,31117.86,31856.78,-1.0
2021-07-16,1626393600,31878.485,32256.475,31028.84,31394.39,-1.0
2021-07-17,1626480000,31389.82,31946.51,31177.1675,31527.1125,-1.0
2021-07-18,1626566400,31519.79,32442.1125,31120.5,31784.15,-1.0
2021-07-19,1626652800,31789.0925,31888.68,30414.8975,30830.1625,-1.0
2021-07-20,1626739200,30831.7525,31059.4425,29292.725,29792.0175,-1.0
2021-07-21,1626825600,29794.42,32873.705,29501.505,32135.375,-1.0
2021-07-22,1626912000,32136.545,32608.6425,31721.8925,32291.6375,-1.0
2021-07-23,1626998400,32290.7725,33657.71,32003.775,33654.6525,-1.0
2021-07-24,1627084800,33655.2825,34527.68,33425.55,34289.215,-1.0
2021-07-25,1627171200,34291.6475,35446.245,33881.76,35428.2675,1.0
2021-07-26,1627257600,35430.06,40570.17,35263.77,37268.7025,1.0
2021-07-27,1627344000,37263.5325,39538.9575,36401.5625,39484.85,1.0
2021-07-28,1627430400,39470.8,40925.1625,38799.6525,40026.4275,1.0
2021-07-29,1627516800,40026.5025,40642.9475,39251.695,40029.9225,1.0
2021-07-30,1627603200,40032.8975,42319.4675,38342.1175,42228.505,1.0
2021-07-31,1627689600,42234.57,42406.4825,41051.2775,41493.865,1.0
2021-08-01,1627776000,41497.9925,42604.7975,39425.6425,39867.6725,1.0
2021-08-02,1627862400,39872.8,40451.5925,38684.4075,39156.295,1.0
2021-08-03,1627948800,39153.2425,39789.0575,37619.825,38180.29,1.0
2021-08-04,1628035200,38180.1375,39965.75,37497.5125,39728.1325,1.0
2021-08-05,1628121600,39734.64,41421.1325,37316.515,40889.9125,1.0
2021-08-06,1628208000,40889.615,43390.41,39888.4,42839.7175,1.0
2021-08-07,1628294400,42863.7275,44746.2375,42415.8175,44624.2,1.0
2021-08-08,1628380800,44626.305,45363.41,43262.64,43842.615,1.0
2021-08-09,1628467200,43835.855,46502.635,42818.5,46291.175,1.0
2021-08-10,1628553600,46285.605,46723.825,44650.37,45599.3,1.0
2021-08-11,1628640000,45600.155,46770.0225,45361.235,45553.7625,1.0
2021-08-12,1628726400,45553.4275,46219.2,43778.62,44424.67,1.0
2021-08-13,1628812800,44415.9,47920.395,44254.8975,47838.4075,1.0
2021-08-14,1628899200,47838.43,48178.0075,46030.8225,47115.0775,1.0
2021-08-15,1628985600,47119.12,47400.905,45521.2425,47022.2825,1.0
2021-08-16,1629072000,47021.725,48067.1475,45672.5575,45917.8125,1.0
2021-08-17,1629158400,45916.9025,47173.3075,44412.1,44680.955,1.0
2021-08-18,1629244800,44666.2,46026.9725,44224.0825,44714.75,1.0
2021-08-19,1629331200,44722.4525,47081.7475,43948.2675,46764.05,1.0
2021-08-20,1629417600,46764.96,49409.025,46650.9,49343.1725,1.0
2021-08-21,1629504000,49345.1575,49814.37,48283.575,48872.535,1.0
2021-08-22,1629590400,48873.46,49541.385,48078.0475,49288.8975,1.0
2021-08-23,1629676800,49291.6275,50526.825,49033.21,49530.47,1.0
2021-08-24,1629763200,49512.7875,49876.0275,47602.265,47713.01,1.0
2021-08-25,1629849600,47688.3725,49265.45,47120.11,49000.2575,1.0
2021-08-26,1629936000,49002.3075,49367.03,46299.31,46858.64,1.0
2021-08-27,1630022400,46850.485,49186.165,46370.1425,49084.0325,1.0
2021-08-28,1630108800,49085.14,49315.5225,48346.87,48925.0275,1.0
2021-08-29,1630195200,48928.4425,49659.25,47799.8225,48800.0725,1.0
2021-08-30,1630281600,48794.5675,48902.95,46864.1375,46995.615,1.0
2021-08-31,1630368000,46986.4875,48259.9,46710.0425,47140.64,1.0
2021-09-01,1630454400,47124.365,49126.2375,46536.1875,48852.315,1.0
2021-09-02,1630540800,48850.72,50391.7725,48619.1425,49282.96,1.0
2021-09-03,1630627200,49285.4725,51042.5625,48354.035,50022.6475,1.0
2021-09-04,1630713600,50026.1,50558.65,49391.555,49945.5725,1.0
2021-09-05,1630800000,49951.6675,51898.5725,49504.4575,51791.6375,1.0
2021-09-06,1630886400,51791.6625,52803.0075,51018.3175,52698.0575,1.0
2021-09-07,1630972800,52701.2175,52935.0525,42582.695,46878.23,-1.0
2021-09-08,1631059200,46892.055,47376.9625,44430.98,46077.8625,-1.0
2021-09-09,1631145600,46063.6675,47403.8325,45520.355,46392.3625,-1.0
2021-09-10,1631232000,46385.2775,47033.715,44139.39,44853.1875,-1.0
2021-09-11,1631318400,44852.78,45994.2475,44747.26,45164.76,-1.0
2021-09-12,1631404800,45166.2275,46486.7825,44758.965,46038.8925,-1.0
2021-09-13,1631491200,46040.8925,46892.955,43409.975,44961.89,-1.0
2021-09-14,1631577600,44965.6,47270.7525,44691.12,47130.095,-1.0
2021-09-15,1631664000,47117.5275,48469.2325,46720.3525,48150.2275,-1.0
2021-09-16,1631750400,48158.4975,48497.6975,47031.79,47765.91,-1.0
2021-09-17,1631836800,47768.935,48176.875,46741.36,47291.0575,-1.0
2021-09-18,1631923200,47298.785,48817.1475,47057.62,48315.1775,-1.0
2021-09-19,1632009600,48307.6125,48396.255,46855.7225,47249.3475,-1.0
2021-09-20,1632096000,47252.6175,47335.07,42490.9925,43011.9325,-1.0
2021-09-21,1632182400,43003.595,43640.8625,39585.5525,40685.64,-1.0
2021-09-22,1632268800,40718.395,44034.7425,40582.81,43575.315,-1.0
2021-09-23,1632355200,43577.5275,45002.47,43104.98,44897.02,-1.0
2021-09-24,1632441600,44894.0825,45167.6775,40705.64,42844.64,-1.0
2021-09-25,1632528000,42842.045,43004.0525,41686.88,42712.155,-1.0
2021-09-26,1632614400,42705.0675,43945.3325,40803.7225,43194.81,-1.0
2021-09-27,1632700800,43171.7475,44356.915,42120.7775,42177.77,-1.0
2021-09-28,1632787200,42167.305,42770.0125,40887.545,41038.115,-1.0
2021-09-29,1632873600,41023.8325,42605.2275,40759.145,41533.695,-1.0
2021-09-30,1632960000,41527.9675,44106.4025,41420.145,43821.91,-1.0
2021-10-01,1633046400,43822.7725,48492.67,43294.705,48166.92,1.0
2021-10-02,1633132800,48172.96,48354.265,47465.3125,47670.6225,1.0
2021-10-03,1633219200,47659.6375,49260.6875,47128.77,48235.595,1.0
2021-10-04,1633305600,48232.78,49510.07,46909.795,49241.84,1.0
2021-10-05,1633392000,49253.8525,51909.185,49072.5725,51501.91,1.0
2021-10-06,1633478400,51501.8725,55781.7775,50405.2625,55340.09,1.0
2021-10-07,1633564800,55353.0225,55359.77,53358.5925,53798.51,1.0
2021-10-08,1633651200,53810.2225,56136.42,53649.3575,53957.7325,1.0
2021-10-09,1633737600,53961.75,55503.505,53687.4225,54966.9725,1.0
2021-10-10,1633824000,54971.6475,56533.9,53336.705,54696.93,1.0
2021-10-11,1633910400,54677.15,57881.68,54444.5175,57493.035,1.0
2021-10-12,1633996800,57487.2875,57684.5575,53928.4425,56007.4425,1.0
2021-10-13,1634083200,56004.3125,57775.755,54247.0725,57376.32,1.0
2021-10-14,1634169600,57379.6475,58537.7825,56823.96,57356.9225,1.0
2021-10-15,1634256000,57359.2725,62910.11,56880.4025,61668.5875,1.0
2021-10-16,1634342400,61688.45,62367.02,60143.855,60871.4575,1.0
2021-10-17,1634428800,60874.1125,61705.8575,58928.515,61532.1675,1.0
2021-10-18,1634515200,61527.5475,62679.65,59681.7175,62048.745,1.0
2021-10-19,1634601600,62026.64,64486.28,61328.75,64280.3625,1.0
2021-10-20,1634688000,64292.1875,66998.105,63535.1775,66023.1025,1.0
2021-10-21,1634774400,66029.0125,66648.9725,59854.505,62210.005,1.0
2021-10-22,1634860800,62204.89,63752.7,59996.985,60693.4425,1.0
2021-10-23,1634947200,60689.78,61736.1975,59635.73,61316.555,1.0
2021-10-24,1635033600,61301.285,61480.9075,59515.2225,60875.2975,1.0
2021-10-25,1635120000,60862.76,63715.95,60655.5,63087.9,1.0
2021-10-26,1635206400,63089.0325,63292.3475,59835.3175,60319.11,1.0
2021-10-27,1635292800,60333.04,61488.525,58110.1525,58473.77,1.0
2021-10-28,1635379200,58482.7425,62500.085,57381.72,60600.135,1.0
2021-10-29,1635465600,60601.56,62968.385,60187.07,62279.4025,1.0
2021-10-30,1635552000,62274.69,62373.345,60705.6625,61899.5925,1.0
2021-10-31,1635638400,61898.1475,62444.16,60013.0,61357.63,1.0
2021-11-01,1635724800,61359.0625,62497.5,59484.82,60947.0975,1.0
2021-11-02,1635811200,60951.91,64311.5,60669.21,63266.1025,1.0
2021-11-03,1635897600,63269.015,63558.8625,60252.19,62937.0925,1.0
2021-11-04,1635984000,62937.955,63129.99,60705.5325,61450.845,1.0
2021-11-05,1636070400,61443.3825,62984.2525,60781.9675,61016.1575,1.0
2021-11-06,1636156800,61008.6225,61599.7475,60121.1775,61543.7625,1.0
2021-11-07,1636243200,61539.35,63317.475,61397.2175,63312.7675,1.0
2021-11-08,1636329600,63313.0675,67792.0125,63313.0675,67556.4625,1.0
2021-11-09,1636416000,67551.1575,68540.59,66272.5675,66947.1225,1.0
2021-11-10,1636502400,66943.36,68997.75,62821.195,64936.2625,1.0
2021-11-11,1636588800,64929.27,65606.06,64129.965,64822.07,1.0
2021-11-12,1636675200,64805.79,65481.26,62442.585,64153.3275,1.0
2021-11-13,1636761600,64147.49,64984.84,63404.665,64406.96,1.0
2021-11-14,1636848000,64403.79,65507.465,63607.715,65502.47,1.0
2021-11-15,1636934400,65502.4725,66354.41,63376.5025,63617.4125,1.0
2021-11-16,1637020800,63617.945,63620.4875,58611.3025,60127.2875,1.0
2021-11-17,1637107200,60114.9425,60847.795,58455.4,60348.1,-1.0
2021-11-18,1637193600,60364.3125,60974.0625,56514.1925,56912.3075,-1.0
2021-11-19,1637280000,56907.94,58399.6675,55174.75,58067.5975,-1.0
2021-11-20,1637366400,58241.5675,59861.175,57431.205,59739.2175,-1.0
2021-11-21,1637452800,59734.23,60026.0275,58544.04,58794.32,-1.0
2021-11-22,1637539200,58689.245,59300.8225,55637.9325,56312.4125,-1.0
2021-11-23,1637625600,56340.57,57868.97,55383.145,57573.43,-1.0
2021-11-24,1637712000,57571.15,57709.94,55923.0375,57180.3325,-1.0
2021-11-25,1637798400,57167.12,59422.46,57046.555,58971.925,-1.0
2021-11-26,1637884800,58983.1475,59194.04,53539.2575,53871.2875,-1.0
2021-11-27,1637971200,53745.595,55333.3925,53648.1175,54775.655,-1.0
2021-11-28,1638057600,54760.62,57450.68,53479.41,57322.77,-1.0
2021-11-29,1638144000,57319.83,58874.06,56742.4,57838.79,-1.0
2021-11-30,1638230400,57838.34,59200.38,55970.35,57014.33,-1.0
2021-12-01,1638316800,56962.59,59103.77,56530.0,57213.37,-1.0
2021-12-02,1638403200,57179.74,57359.86,55848.27,56552.32,-1.0
2021-12-03,1638489600,56529.34,57592.54,52023.94,53683.26,-1.0
2021-12-04,1638576000,53687.57,53880.95,41631.28,49231.66,-1.0
2021-12-05,1638662400,49347.03,49767.39,47965.8,49409.58,-1.0
2021-12-06,1638748800,49341.93,50986.65,47196.01,50547.88,-1.0
2021-12-07,1638835200,50543.04,51935.25,50078.81,50644.37,-1.0
2021-12-08,1638921600,50619.87,51196.91,48702.93,50518.96,-1.0
2021-12-09,1639008000,50535.33,50804.94,47322.31,47658.92,-1.0
2021-12-10,1639094400,47572.78,49791.19,47009.3,47229.01,-1.0
2021-12-11,1639180800,47492.5,49493.8,47037.41,49369.71,-1.0
2021-12-12,1639267200,49418.7,50764.21,48679.56,50112.02,-1.0
2021-12-13,1639353600,50020.94,50164.22,45851.79,46718.8,-1.0
2021-12-14,1639440000,46805.64,48684.88,46318.52,48378.82,-1.0
2021-12-15,1639526400,48404.61,49468.49,46604.75,48895.13,-1.0
2021-12-16,1639612800,48910.61,49460.07,47531.2,47656.12,-1.0
2021-12-17,1639699200,47692.79,48002.84,45549.31,46216.71,-1.0
2021-12-18,1639785600,46118.38,47355.62,45552.77,46893.49,-1.0
2021-12-19,1639872000,46860.38,48256.69,46456.81,46724.12,-1.0
2021-12-20,1639958400,46589.44,47498.07,45593.54,46921.46,-1.0
2021-12-21,1640044800,46925.73,49335.04,46663.84,48948.51,-1.0
2021-12-22,1640131200,48920.62,49598.23,48462.51,48625.01,-1.0
2021-12-23,1640217600,48493.68,51399.57,48047.23,50825.37,-1.0
2021-12-24,1640304000,50804.48,51816.0,50485.97,50835.68,-1.0
2021-12-25,1640390400,50858.64,51165.55,50230.29,50440.34,-1.0
2021-12-26,1640476800,50425.83,51281.06,49451.85,50801.7,-1.0
2021-12-27,1640563200,50818.91,52103.63,50477.49,50713.28,-1.0
2021-12-28,1640649600,50610.33,50647.13,47311.01,47564.01,-1.0
2021-12-29,1640736000,47574.12,48144.09,46115.54,46471.03,-1.0
2021-12-30,1640822400,46354.91,47924.79,45952.52,47141.1,-1.0
2021-12-31,1640908800,47143.37,48583.53,45628.36,46195.56,-1.0
2022-01-01,1640995200,46252.09,47953.0,46242.47,47746.11,-1.0
2022-01-02,1641081600,47686.69,47952.91,46669.53,47323.62,-1.0
2022-01-03,1641168000,47274.71,47577.04,45702.55,46446.75,-1.0
2022-01-04,1641254400,46416.36,47504.19,45537.8,45838.87,-1.0
2022-01-05,1641340800,45890.21,47013.29,42643.12,43452.83,-1.0
2022-01-06,1641427200,43482.42,43758.82,42462.88,43115.92,-1.0
2022-01-07,1641513600,43032.41,43125.77,40655.39,41543.69,-1.0
2022-01-08,1641600000,41618.99,42276.26,40563.57,41687.0,-1.0
2022-01-09,1641686400,41666.76,42772.86,41269.13,41865.65,-1.0
2022-01-10,1641772800,41883.5,42248.16,39896.66,41837.29,-1.0
2022-01-11,1641859200,41829.85,43127.26,41297.98,42734.84,-1.0
2022-01-12,1641945600,42794.49,44283.76,42472.67,43929.15,-1.0
2022-01-13,1642032000,43921.14,44443.4,42358.67,42566.66,-1.0
2022-01-14,1642118400,42530.0,43469.64,41798.03,43092.97,-1.0
2022-01-15,1642204800,43062.33,43771.04,42538.93,43111.45,-1.0
2022-01-16,1642291200,43099.11,43489.16,42644.59,43108.81,-1.0
2022-01-17,1642377600,43077.48,43173.41,41589.09,42244.92,-1.0
2022-01-18,1642464000,42256.15,42681.19,41300.16,42376.79,-1.0
2022-01-19,1642550400,42385.36,42582.33,41146.63,41690.96,-1.0
2022-01-20,1642636800,41706.74,43489.52,40559.86,40675.73,-1.0
2022-01-21,1642723200,40760.06,41121.02,35509.5,36462.45,-1.0
2022-01-22,1642809600,36486.55,36798.75,34115.29,35064.16,-1.0
2022-01-23,1642896000,35141.41,36490.55,34618.08,36292.06,-1.0
2022-01-24,1642982400,36172.62,37648.12,32992.55,36706.69,-1.0
2022-01-25,1643068800,36616.82,37521.84,35754.82,36974.02,-1.0
2022-01-26,1643155200,36974.81,38781.63,36282.66,36838.86,-1.0
2022-01-27,1643241600,36879.06,37245.35,35526.14,37180.02,-1.0
2022-01-28,1643328000,37181.8,38016.6,36159.46,37747.68,-1.0
2022-01-29,1643414400,37756.65,38714.12,37309.76,38180.95,-1.0
2022-01-30,1643500800,38116.16,38358.67,37403.17,37929.9,-1.0
2022-01-31,1643587200,37913.28,38779.34,36651.03,38498.99,-1.0
2022-02-01,1643673600,38497.02,39288.75,38035.6,38723.35,-1.0
2022-02-02,1643760000,38739.08,38883.73,36606.38,36914.92,-1.0
2022-02-03,1643846400,36921.39,37390.62,36266.35,37322.6,1.0
2022-02-04,1643932800,37325.51,41780.8,37059.76,41595.79,1.0
2022-02-05,1644019200,41609.07,41969.0,40946.39,41418.02,1.0
2022-02-06,1644105600,41422.08,42701.89,41128.25,42417.63,1.0
2022-02-07,1644192000,42419.63,44532.39,41688.55,43869.2,1.0
2022-02-08,1644278400,43879.07,45515.27,42905.98,44133.22,1.0
2022-02-09,1644364800,44089.95,44853.82,43170.46,44420.56,1.0
2022-02-10,1644451200,44416.64,45866.71,43219.87,43528.61,1.0
2022-02-11,1644537600,43533.39,43976.66,41991.63,42397.41,1.0
2022-02-12,1644624000,42394.52,43042.28,41755.81,42242.26,1.0
2022-02-13,1644710400,42239.14,42773.05,41887.56,42073.76,1.0
2022-02-14,1644796800,42074.56,42863.26,41575.24,42550.24,1.0
2022-02-15,1644883200,42560.06,44776.3,42457.81,44573.39,1.0
2022-02-16,1644969600,44574.41,44579.93,43309.36,43888.51,1.0
2022-02-17,1645056000,43894.58,44191.7,40091.38,40546.12,-1.0
2022-02-18,1645142400,40538.77,40977.97,39436.35,39993.25,-1.0
2022-02-19,1645228800,39996.5,40462.57,39644.95,40104.1,-1.0
2022-02-20,1645315200,40101.21,40144.23,37994.3,38386.55,-1.0
2022-02-21,1645401600,38391.53,39495.65,36810.66,37032.64,-1.0
2022-02-22,1645488000,37026.12,38450.5,36363.75,38259.84,-1.0
2022-02-23,1645574400,38260.84,39282.1,37072.25,37261.73,-1.0
2022-02-24,1645660800,37262.01,39729.11,34329.29,38353.01,-1.0
2022-02-25,1645747200,38351.44,39719.14,38027.76,39232.14,-1.0
2022-02-26,1645833600,39237.21,40308.98,38599.38,39133.73,-1.0
2022-02-27,1645920000,39139.87,39879.78,37017.28,37711.29,-1.0
2022-02-28,1646006400,37712.31,44236.02,37460.14,43188.92,-1.0
2022-03-01,1646092800,43201.82,44977.36,42852.58,44438.27,-1.0
2022-03-02,1646179200,44439.96,45352.71,43352.22,43926.92,-1.0
2022-03-03,1646265600,43925.65,44109.19,41822.22,42466.71,-1.0
2022-03-04,1646352000,42467.35,42519.83,38585.79,39161.89,-1.0
2022-03-05,1646438400,39160.35,39616.73,38601.54,39406.8,-1.0
2022-03-06,1646524800,39401.93,39701.48,38100.06,38423.0,-1.0
2022-03-07,1646611200,38412.97,39552.59,37166.86,38008.62,-1.0
2022-03-08,1646697600,38000.69,39376.12,37869.55,38752.44,-1.0
2022-03-09,1646784000,38753.58,42592.68,38670.18,41964.16,-1.0
2022-03-10,1646870400,41952.6,42048.38,38562.48,39438.05,-1.0
2022-03-11,1646956800,39433.9,40240.74,38246.21,38735.35,-1.0
2022-03-12,1647043200,38734.32,39474.46,38668.21,38809.19,-1.0
2022-03-13,1647129600,38803.72,39309.96,37592.35,37790.82,-1.0
2022-03-14,1647216000,37785.75,39909.2,37572.55,39673.63,-1.0
2022-03-15,1647302400,39679.69,39908.84,38139.39,39311.59,-1.0
2022-03-16,1647388800,39307.23,41705.33,38846.01,41134.5,-1.0
2022-03-17,1647475200,41133.7,41480.98,40512.98,40951.81,-1.0
2022-03-18,1647561600,40950.66,42369.16,40139.42,41782.51,-1.0
2022-03-19,1647648000,41779.98,42403.4,41543.49,42228.16,-1.0
2022-03-20,1647734400,42229.39,42319.17,40932.14,41277.41,-1.0
2022-03-21,1647820800,41291.68,41576.99,40516.26,41027.61,1.0
2022-03-22,1647907200,41017.81,43372.45,40899.99,42382.59,1.0
2022-03-23,1647993600,42380.32,43037.8,41783.5,42910.55,1.0
2022-03-24,1648080000,42906.53,44244.48,42629.48,44008.86,1.0
2022-03-25,1648166400,44009.1,45124.29,43605.88,44325.51,1.0
2022-03-26,1648252800,44331.57,44810.23,44106.48,44542.83,1.0
2022-03-27,1648339200,44545.73,46953.03,44448.72,46856.67,1.0
2022-03-28,1648425600,46852.57,48222.96,46675.45,47140.78,1.0
2022-03-29,1648512000,47146.63,48128.85,46859.19,47454.07,1.0
2022-03-30,1648598400,47450.46,47715.01,46558.45,47069.52,1.0
2022-03-31,1648684800,47081.31,47620.79,45228.06,45526.92,1.0
2022-04-01,1648771200,45520.97,46732.31,44245.62,46308.14,1.0
2022-04-02,1648857600,46305.9,47211.05,45655.74,45821.46,1.0
2022-04-03,1648944000,45821.98,47455.7,45562.3,46415.99,1.0
2022-04-04,1649030400,46420.72,46891.44,45132.91,46602.28,1.0
2022-04-05,1649116800,46580.72,47193.33,45370.03,45498.32,1.0
2022-04-06,1649203200,45506.57,45531.87,43112.19,43181.76,1.0
2022-04-07,1649289600,43173.92,43904.42,42744.05,43461.88,-1.0
2022-04-08,1649376000,43458.09,43985.73,42115.73,42281.62,-1.0
2022-04-09,1649462400,42267.51,42807.6,42123.63,42767.81,-1.0
2022-04-10,1649548800,42774.7,43435.06,41869.98,42155.88,-1.0
2022-04-11,1649635200,42161.99,42417.74,39219.44,39532.17,-1.0
2022-04-12,1649721600,39536.79,40693.12,39266.22,40087.3,-1.0
2022-04-13,1649808000,40090.95,41556.94,39583.21,41144.7,-1.0
2022-04-14,1649894400,41149.44,41499.43,39580.03,39953.82,-1.0
2022-04-15,1649980800,39957.1,40862.57,39785.8,40563.6,-1.0
2022-04-16,1650067200,40565.32,40700.54,40012.57,40389.5,-1.0
2022-04-17,1650153600,40384.85,40612.56,39562.29,39687.65,-1.0
2022-04-18,1650240000,39674.59,41087.55,38556.58,40809.49,-1.0
2022-04-19,1650326400,40810.1,41780.46,40585.35,41503.85,-1.0
2022-04-20,1650412800,41496.42,42218.37,40899.69,41375.16,-1.0
2022-04-21,1650499200,41375.89,43003.88,39777.82,40481.15,-1.0
2022-04-22,1650585600,40486.74,40802.88,39175.31,39719.22,-1.0
2022-04-23,1650672000,39711.92,39981.3,39301.75,39440.84,-1.0
2022-04-24,1650758400,39448.61,39933.62,38995.74,39465.69,-1.0
2022-04-25,1650844800,39460.95,40605.66,38208.88,40440.55,-1.0
2022-04-26,1650931200,40444.29,40794.44,37693.25,38123.48,-1.0
2022-04-27,1651017600,38117.16,39468.68,37893.12,39252.85,-1.0
2022-04-28,1651104000,39252.42,40376.47,38864.71,39748.89,-1.0
2022-04-29,1651190400,39748.42,39921.99,38156.71,38592.08,-1.0
2022-04-30,1651276800,38595.69,38789.62,37596.05,37648.79,-1.0
2022-05-01,1651363200,37644.98,38668.42,37403.24,38479.3,-1.0
2022-05-02,1651449600,38475.51,39169.7,38037.35,38511.75,-1.0
2022-05-03,1651536000,38507.81,38640.08,37511.38,37725.77,-1.0
2022-05-04,1651622400,37728.01,40032.42,37664.88,39680.04,-1.0
2022-05-05,1651708800,39678.74,39840.3,35538.6,36541.63,-1.0
2022-05-06,1651795200,36540.54,36653.15,35264.49,36010.24,-1.0
2022-05-07,1651881600,36010.16,36116.92,34779.46,35461.25,-1.0
2022-05-08,1651968000,35462.2,35497.62,33707.22,34027.56,-1.0
2022-05-09,1652054400,34035.88,34225.88,30027.24,30076.35,-1.0
2022-05-10,1652140800,30067.43,32645.62,29741.87,31001.31,-1.0
2022-05-11,1652227200,31004.06,32150.74,27714.29,28991.23,-1.0
2022-05-12,1652313600,28993.17,30092.4,25365.62,28928.01,-1.0
2022-05-13,1652400000,28937.0,30977.75,28679.35,29234.0,-1.0
2022-05-14,1652486400,29237.6,30280.22,28578.66,30040.99,-1.0
2022-05-15,1652572800,30046.96,31405.52,29444.3,31293.29,-1.0
2022-05-16,1652659200,31287.47,31288.29,29061.24,29832.75,-1.0
2022-05-17,1652745600,29838.75,30745.25,29411.65,30414.61,-1.0
2022-05-18,1652832000,30414.26,30667.54,28602.82,28672.03,-1.0
2022-05-19,1652918400,28667.77,30502.21,28649.15,30283.19,-1.0
2022-05-20,1653004800,30278.32,30727.4,28695.29,29166.42,-1.0
2022-05-21,1653091200,29168.29,29611.59,28919.32,29410.96,-1.0
2022-05-22,1653177600,29400.27,30467.74,29214.78,30264.11,-1.0
2022-05-23,1653264000,30260.6,30630.21,28841.88,29075.93,-1.0
2022-05-24,1653350400,29077.88,29811.31,28631.6,29630.68,-1.0
2022-05-25,1653436800,29627.35,30189.57,29308.91,29511.36,-1.0
2022-05-26,1653523200,29511.88,29852.83,27877.5,29175.27,-1.0
2022-05-27,1653609600,29169.81,29363.81,28242.22,28586.94,-1.0
2022-05-28,1653696000,28596.1,29231.76,28497.76,29013.09,-1.0
2022-05-29,1653782400,29013.88,29554.01,28813.58,29449.54,-1.0
2022-05-30,1653868800,29451.01,32199.46,29266.54,31719.73,-1.0
2022-05-31,1653955200,31706.31,32384.54,31195.22,31775.89,-1.0
2022-06-01,1654041600,31781.64,31952.54,29313.75,29787.13,-1.0
2022-06-02,1654128000,29789.19,30865.18,29567.27,30433.5,-1.0
2022-06-03,1654214400,30433.56,30669.97,29239.09,29673.24,-1.0
2022-06-04,1654300800,29678.33,29953.93,29453.43,29845.93,-1.0
2022-06-05,1654387200,29839.87,30154.16,29513.87,29899.4,-1.0
2022-06-06,1654473600,29902.42,31737.04,29871.06,31351.91,-1.0
2022-06-07,1654560000,31350.82,31547.6,29192.73,31107.6,-1.0
2022-06-08,1654646400,31104.91,31303.34,29837.64,30185.45,-1.0
2022-06-09,1654732800,30187.24,30669.94,29911.67,30080.69,-1.0
2022-06-10,1654819200,30078.77,30334.78,28832.05,29061.48,-1.0
2022-06-11,1654905600,29059.17,29407.09,28085.65,28387.02,-1.0
2022-06-12,1654992000,28395.94,28511.91,26517.39,26565.12,-1.0
2022-06-13,1655078400,26546.5,26849.82,21920.2,22458.28,-1.0
2022-06-14,1655164800,22445.38,23297.6,20818.56,22109.15,-1.0
2022-06-15,1655251200,22106.02,22773.55,20076.43,22560.52,-1.0
2022-06-16,1655337600,22558.72,22960.59,20200.0,20375.02,-1.0
2022-06-17,1655424000,20375.95,21331.2,20220.25,20441.06,-1.0
2022-06-18,1655510400,20440.54,20749.53,17585.31,18951.09,-1.0
2022-06-19,1655596800,18948.38,20790.46,17929.28,20552.98,-1.0
2022-06-20,1655683200,20550.63,21039.07,19616.49,20552.75,-1.0
2022-06-21,1655769600,20551.51,21703.63,20329.99,20702.57,-1.0
2022-06-22,1655856000,20702.41,20866.58,19750.68,19961.51,-1.0
2022-06-23,1655942400,19964.18,21205.32,19872.81,21096.53,-1.0
2022-06-24,1656028800,21099.88,21532.73,20720.29,21216.63,-1.0
2022-06-25,1656115200,21223.24,21589.19,20896.26,21481.56,-1.0
2022-06-26,1656201600,21478.41,21867.79,20955.81,21029.53,-1.0
2022-06-27,1656288000,21026.47,21517.84,20498.95,20711.61,-1.0
2022-06-28,1656374400,20721.5,21185.59,20170.21,20253.96,-1.0
2022-06-29,1656460800,20253.69,20401.48,19827.51,20091.47,-1.0
2022-06-30,1656547200,20096.49,20137.35,18608.03,19949.77,-1.0
2022-07-01,1656633600,19960.39,20883.93,18945.86,19248.11,-1.0
2022-07-02,1656720000,19254.56,19423.04,18963.36,19224.84,-1.0
2022-07-03,1656806400,19228.29,19634.97,18758.64,19292.67,-1.0
2022-07-04,1656892800,19294.22,20324.27,19032.26,20208.46,-1.0
2022-07-05,1656979200,20209.38,20726.41,19284.61,20162.71,-1.0
2022-07-06,1657065600,20161.75,20629.94,19747.43,20544.2,-1.0
2022-07-07,1657152000,20543.08,21840.99,20235.26,21621.52,-1.0
2022-07-08,1657238400,21617.25,22468.69,21174.43,21589.1,-1.0
2022-07-09,1657324800,21583.22,21955.97,21316.78,21582.02,-1.0
2022-07-10,1657411200,21580.64,21592.66,20634.71,20843.12,-1.0
2022-07-11,1657497600,20845.93,20853.02,19867.27,19946.61,-1.0
2022-07-12,1657584000,19945.38,20039.76,19227.92,19310.95,-1.0
2022-07-13,1657670400,19315.26,20338.83,18901.64,20229.58,-1.0
2022-07-14,1657756800,20222.12,20891.93,19608.42,20576.56,-1.0
2022-07-15,1657843200,20575.24,21188.96,20371.87,20828.63,-1.0
2022-07-16,1657929600,20825.38,21576.75,20477.83,21196.9,-1.0
2022-07-17,1658016000,21190.9,21665.08,20750.81,20793.29,-1.0
2022-07-18,1658102400,20790.02,22767.53,20761.84,22438.4,-1.0
2022-07-19,1658188800,22441.38,23795.06,21586.35,23402.53,-1.0
2022-07-20,1658275200,23399.61,24277.96,22905.61,23223.96,-1.0
2022-07-21,1658361600,23218.69,23431.68,22345.38,23158.95,-1.0
2022-07-22,1658448000,23156.26,23755.2,22512.45,22684.25,-1.0
2022-07-23,1658534400,22690.43,23002.26,21947.3,22459.15,-1.0
2022-07-24,1658620800,22459.72,23012.75,22268.45,22586.22,-1.0
2022-07-25,1658707200,22586.23,22664.93,21255.86,21306.56,-1.0
2022-07-26,1658793600,21308.58,21338.2,20709.26,21264.87,-1.0
2022-07-27,1658880000,21263.12,23119.04,21047.47,22964.43,-1.0
2022-07-28,1658966400,22969.77,24200.17,22565.49,23855.88,-1.0
2022-07-29,1659052800,23852.54,24459.8,23438.21,23789.6,-1.0
2022-07-30,1659139200,23788.07,24675.03,23523.35,23645.08,-1.0
2022-07-31,1659225600,23648.58,24189.32,23244.64,23315.95,-1.0
2022-08-01,1659312000,23304.94,23513.82,22856.85,23277.07,-1.0
2022-08-02,1659398400,23278.74,23463.1,22661.04,22994.19,-1.0
2022-08-03,1659484800,22995.62,23645.97,22696.42,22831.86,-1.0
2022-08-04,1659571200,22826.58,23228.11,22402.03,22621.93,-1.0
2022-08-05,1659657600,22627.17,23476.23,22589.71,23322.46,-1.0
2022-08-06,1659744000,23319.95,23352.8,22921.6,22952.69,-1.0
2022-08-07,1659830400,22957.86,23404.03,22852.87,23181.62,-1.0
2022-08-08,1659916800,23179.86,24255.61,23165.41,23820.8,-1.0
2022-08-09,1660003200,23816.39,23921.23,22880.85,23159.22,-1.0
2022-08-10,1660089600,23157.94,24220.67,22675.92,23961.97,-1.0
2022-08-11,1660176000,23960.8,24916.85,23867.14,23954.9,-1.0
2022-08-12,1660262400,23954.4,24461.1,23604.07,24413.41,-1.0
2022-08-13,1660348800,24417.98,24908.5,24305.43,24452.44,-1.0
2022-08-14,1660435200,24455.15,25045.61,24160.5,24314.02,-1.0
2022-08-15,1660521600,24315.41,25207.71,23784.48,24103.81,-1.0
2022-08-16,1660608000,24100.88,24249.61,23673.02,23865.17,-1.0
2022-08-17,1660694400,23862.83,24441.29,23187.31,23341.6,-1.0
2022-08-18,1660780800,23343.34,23595.27,23108.12,23196.34,-1.0
2022-08-19,1660867200,23192.52,23200.62,20793.1,20836.46,-1.0
2022-08-20,1660953600,20836.46,21368.71,20765.5,21140.87,-1.0
2022-08-21,1661040000,21144.06,21794.33,21068.11,21495.97,-1.0
2022-08-22,1661126400,21519.23,21532.62,20899.1,21404.35,-1.0
2022-08-23,1661212800,21404.18,21675.58,20897.17,21523.0,-1.0
2022-08-24,1661299200,21524.67,21902.85,21151.05,21370.71,-1.0
2022-08-25,1661385600,21368.69,21812.1,21315.24,21566.32,-1.0
2022-08-26,1661472000,21559.81,21873.84,20110.97,20246.01,-1.0
2022-08-27,1661558400,20240.68,20377.76,19804.96,20037.31,-1.0
2022-08-28,1661644800,20038.21,20157.62,19522.36,19550.11,-1.0
2022-08-29,1661731200,19553.98,20417.94,19548.34,20294.27,-1.0
2022-08-30,1661817600,20292.52,20573.94,19549.2,19811.34,-1.0
2022-08-31,1661904000,19821.28,20484.35,19810.12,20053.81,-1.0
2022-09-01,1661990400,20050.07,20201.81,19565.74,20127.44,-1.0
2022-09-02,1662076800,20130.6,20438.37,19761.55,19954.25,-1.0
2022-09-03,1662163200,19953.02,20051.03,19660.86,19835.94,-1.0
2022-09-04,1662249600,19835.06,20021.38,19594.03,20004.08,-1.0
2022-09-05,1662336000,20006.61,20051.5,19638.15,19791.58,-1.0
2022-09-06,1662422400,19794.9,20176.77,18667.06,18790.61,-1.0
2022-09-07,1662508800,18795.9,19460.3,18535.47,19285.24,-1.0
2022-09-08,1662595200,19295.25,19452.06,19017.93,19322.2,-1.0
2022-09-09,1662681600,19323.45,21602.83,19302.29,21370.03,-1.0
2022-09-10,1662768000,21373.53,21807.29,21128.5,21655.74,-1.0
2022-09-11,1662854400,21658.13,21861.88,21361.52,21839.13,-1.0
2022-09-12,1662940800,21834.42,22485.01,21559.45,22403.06,-1.0
2022-09-13,1663027200,22399.41,22792.25,19886.26,20174.25,-1.0
2022-09-14,1663113600,20174.37,20530.59,19623.9,20231.86,-1.0
2022-09-15,1663200000,20229.49,20358.97,19499.83,19699.88,-1.0
2022-09-16,1663286400,19703.79,19888.51,19322.35,19800.14,-1.0
2022-09-17,1663372800,19800.38,20186.28,19755.04,20117.0,-1.0
2022-09-18,1663459200,20117.31,20119.33,19343.39,19420.94,-1.0
2022-09-19,1663545600,19421.18,19680.56,18249.97,19538.12,-1.0
2022-09-20,1663632000,19536.8,19634.56,18725.93,18876.62,-1.0
2022-09-21,1663718400,18875.49,19910.47,18152.13,18456.46,-1.0
2022-09-22,1663804800,18463.28,19517.69,18365.63,19403.42,-1.0
2022-09-23,1663891200,19405.34,19491.02,18536.25,19289.97,-1.0
2022-09-24,1663977600,19288.92,19308.2,18811.84,18924.36,-1.0
2022-09-25,1664064000,18922.73,19176.25,18635.45,18808.52,-1.0
2022-09-26,1664150400,18807.41,19312.6,18689.95,19227.65,-1.0
2022-09-27,1664236800,19229.51,20381.29,18826.44,19081.15,-1.0
2022-09-28,1664323200,19082.54,19773.28,18478.88,19409.26,-1.0
2022-09-29,1664409600,19406.77,19641.12,18847.74,19594.92,-1.0
2022-09-30,1664496000,19596.28,20177.32,19154.78,19426.02,-1.0
2022-10-01,1664582400,19423.86,19484.26,19169.03,19315.3,-1.0
2022-10-02,1664668800,19313.69,19396.66,18930.01,19057.33,-1.0
2022-10-03,1664755200,19061.28,19710.87,18972.41,19634.52,-1.0
2022-10-04,1664841600,19633.27,20470.34,19500.47,20344.04,-1.0
2022-10-05,1664928000,20344.06,20366.35,19745.62,20163.1,-1.0
2022-10-06,1665014400,20161.99,20449.26,19863.21,19958.59,-1.0
2022-10-07,1665100800,19960.63,20058.21,19331.34,19532.76,-1.0
2022-10-08,1665187200,19533.12,19625.63,19237.18,19418.17,-1.0
2022-10-09,1665273600,19421.01,19570.58,19326.97,19445.94,-1.0
2022-10-10,1665360000,19442.08,19525.27,19031.76,19131.94,-1.0
2022-10-11,1665446400,19131.19,19263.11,18857.22,19056.5,-1.0
2022-10-12,1665532800,19057.97,19232.77,18963.55,19156.58,-1.0
2022-10-13,1665619200,19155.81,19503.13,18160.71,19380.96,-1.0
2022-10-14,1665705600,19378.24,19946.71,19076.03,19181.61,-1.0
2022-10-15,1665792000,19181.89,19225.48,18995.0,19069.45,-1.0
2022-10-16,1665878400,19071.81,19424.05,19067.87,19263.43,-1.0
2022-10-17,1665964800,19262.52,19672.82,19160.09,19550.45,-1.0
2022-10-18,1666051200,19549.83,19699.91,19100.22,19331.81,-1.0
2022-10-19,1666137600,19329.63,19358.06,19072.51,19125.59,-1.0
2022-10-20,1666224000,19127.11,19345.26,18907.62,19044.25,-1.0
2022-10-21,1666310400,19043.92,19248.36,18660.53,19166.92,-1.0
2022-10-22,1666396800,19169.34,19251.92,19117.89,19206.4,-1.0
2022-10-23,1666483200,19206.9,19689.18,19077.69,19572.38,-1.0
2022-10-24,1666569600,19573.54,19594.54,19163.48,19332.21,-1.0
2022-10-25,1666656000,19332.62,20412.72,19234.91,20086.89,-1.0
2022-10-26,1666742400,20089.41,21018.53,20061.9,20774.74,-1.0
2022-10-27,1666828800,20774.83,20875.13,20192.0,20292.62,-1.0
2022-10-28,1666915200,20292.45,20749.52,20006.33,20599.09,-1.0
2022-10-29,1667001600,20598.95,21077.68,20564.05,20820.06,-1.0
2022-10-30,1667088000,20819.83,20931.45,20523.21,20628.62,-1.0
2022-10-31,1667174400,20628.02,20831.87,20243.83,20495.81,-1.0
2022-11-01,1667260800,20493.23,20682.31,20333.65,20480.62,-1.0
2022-11-02,1667347200,20481.35,20817.63,20058.5,20153.01,-1.0
2022-11-03,1667433600,20152.86,20387.15,20041.07,20206.42,-1.0
2022-11-04,1667520000,20208.54,21303.83,20182.5,21150.52,-1.0
2022-11-05,1667606400,21152.19,21473.69,21086.04,21300.78,-1.0
2022-11-06,1667692800,21300.8,21362.22,20894.77,20914.74,-1.0
2022-11-07,1667779200,20906.7,21069.48,20398.07,20570.4,-1.0
2022-11-08,1667865600,20573.0,20673.19,17228.9,18547.62,-1.0
2022-11-09,1667952000,18544.75,18585.85,15563.5,15878.21,-1.0
2022-11-10,1668038400,15892.93,18154.54,15731.25,17557.04,-1.0
2022-11-11,1668124800,17556.68,17645.49,16355.39,16992.47,-1.0
2022-11-12,1668211200,16998.57,17047.13,16578.46,16777.14,-1.0
2022-11-13,1668297600,16777.98,17002.58,16234.36,16309.05,-1.0
2022-11-14,1668384000,16302.19,17149.0,15791.2,16590.41,-1.0
2022-11-15,1668470400,16589.69,17100.32,16511.99,16873.79,-1.0
2022-11-16,1668556800,16879.1,16985.7,16344.17,16647.91,-1.0
2022-11-17,1668643200,16651.97,16746.08,16403.68,16677.06,-1.0
2022-11-18,1668729600,16678.18,16977.5,16530.22,16681.04,-1.0
2022-11-19,1668816000,16684.05,16799.22,16542.18,16685.13,-1.0
2022-11-20,1668902400,16684.22,16732.59,16160.45,16255.15,-1.0
2022-11-21,1668988800,16253.6,16274.39,15473.78,15760.8,-1.0
2022-11-22,1669075200,15758.89,16284.5,15598.66,16195.94,-1.0
2022-11-23,1669161600,16198.75,16675.92,16146.9,16597.42,-1.0
2022-11-24,1669248000,16592.59,16792.07,16452.03,16587.76,-1.0
2022-11-25,1669334400,16587.42,16603.81,16340.38,16507.83,-1.0
2022-11-26,1669420800,16510.55,16687.82,16395.43,16452.93,-1.0
2022-11-27,1669507200,16451.83,16591.49,16399.33,16423.94,-1.0
2022-11-28,1669593600,16420.78,16478.08,16000.41,16209.05,-1.0
2022-11-29,1669680000,16207.0,16545.54,16097.09,16433.95,-1.0
2022-11-30,1669766400,16438.2,17244.8,16426.89,17167.82,-1.0
2022-12-01,1669852800,17168.27,17296.93,16872.35,16977.74,-1.0
2022-12-02,1669939200,16977.72,17102.84,16797.56,17094.08,-1.0
2022-12-03,1670025600,17092.77,17156.69,16871.05,16894.08,-1.0
2022-12-04,1670112000,16895.97,17201.03,16888.78,17113.75,-1.0
2022-12-05,1670198400,17109.0,17430.54,16876.59,16966.51,-1.0
2022-12-06,1670284800,16967.05,17110.5,16908.29,17088.31,-1.0
2022-12-07,1670371200,17090.1,17134.93,16701.15,16838.69,-1.0
2022-12-08,1670457600,16840.04,17296.99,16737.43,17229.24,-1.0
2022-12-09,1670544000,17228.56,17353.8,17067.41,17130.84,-1.0
2022-12-10,1670630400,17131.85,17229.96,17100.46,17130.07,-1.0
2022-12-11,1670716800,17130.32,17267.94,17077.0,17089.92,-1.0
2022-12-12,1670803200,17089.14,17242.48,16873.53,17210.86,-1.0
2022-12-13,1670889600,17213.08,18041.0,17092.27,17772.5,-1.0
2022-12-14,1670976000,17774.66,18376.59,17664.15,17804.11,-1.0
2022-12-15,1671062400,17806.08,17940.77,17277.88,17360.37,-1.0
2022-12-16,1671148800,17360.36,17513.47,16546.38,16633.41,-1.0
2022-12-17,1671235200,16634.35,16798.29,16587.81,16786.54,-1.0
2022-12-18,1671321600,16786.93,16861.56,16672.38,16745.81,-1.0
2022-12-19,1671408000,16744.57,16818.22,16270.67,16440.54,-1.0
2022-12-20,1671494400,16438.69,17043.67,16399.4,16902.24,-1.0
2022-12-21,1671580800,16900.14,16923.14,16731.17,16825.25,-1.0
2022-12-22,1671667200,16824.47,16866.54,16563.79,16819.09,-1.0
2022-12-23,1671753600,16818.25,16936.17,16742.61,16779.05,-1.0
2022-12-24,1671840000,16780.26,16858.53,16777.58,16840.65,-1.0
2022-12-25,1671926400,16840.57,16852.3,16714.32,16828.91,-1.0
2022-12-26,1672012800,16829.53,16930.6,16796.77,16914.61,-1.0
2022-12-27,1672099200,16917.32,16964.08,16590.79,16697.6,-1.0
2022-12-28,1672185600,16697.2,16764.81,16460.01,16538.67,-1.0
2022-12-29,1672272000,16539.03,16649.8,16485.28,16629.82,-1.0
2022-12-30,1672358400,16629.8,16658.72,16332.92,16597.22,-1.0
2022-12-31,1672444800,16596.97,16629.01,16467.08,16528.89,-1.0
2023-01-01,1672531200,16530.33,16621.81,16491.36,16613.48,-1.0
2023-01-02,1672617600,16613.59,16781.17,16549.51,16668.94,-1.0
2023-01-03,1672704000,16666.94,16768.58,16598.88,16670.73,-1.0
2023-01-04,1672790400,16670.41,16983.62,16650.05,16849.16,-1.0
2023-01-05,1672876800,16848.84,16873.96,16750.9,16825.82,-1.0
2023-01-06,1672963200,16825.98,17032.24,16673.14,16950.52,-1.0
2023-01-07,1673049600,16951.53,16977.59,16899.87,16944.73,-1.0
2023-01-08,1673136000,16946.8,17164.44,16913.17,17124.86,-1.0
2023-01-09,1673222400,17126.45,17397.21,17106.94,17179.7,-1.0
2023-01-10,1673308800,17179.19,17492.41,17149.74,17443.89,-1.0
2023-01-11,1673395200,17442.9,17992.04,17311.01,17941.69,1.0
2023-01-12,1673481600,17946.85,19109.16,17907.18,18852.7,1.0
2023-01-13,1673568000,18855.18,19994.7,18720.22,19932.48,1.0
2023-01-14,1673654400,19934.34,21367.25,19900.36,20959.43,1.0
2023-01-15,1673740800,20962.42,21057.31,20550.57,20884.18,1.0
2023-01-16,1673827200,20877.28,21465.41,20626.97,21189.86,1.0
2023-01-17,1673913600,21189.6,21615.85,20857.94,21140.12,1.0
2023-01-18,1674000000,21141.05,21645.96,20384.36,20676.07,1.0
2023-01-19,1674086400,20673.54,21194.29,20649.06,21085.41,1.0
2023-01-20,1674172800,21083.73,22752.89,20871.18,22679.14,1.0
2023-01-21,1674259200,22676.08,23380.23,22442.38,22785.95,1.0
2023-01-22,1674345600,22787.22,23083.93,22306.21,22717.7,1.0
2023-01-23,1674432000,22715.43,23171.41,22514.87,22921.29,1.0
2023-01-24,1674518400,22921.4,23161.74,22466.49,22638.0,1.0
2023-01-25,1674604800,22636.48,23821.58,22328.42,23056.8,1.0
2023-01-26,1674691200,23068.83,23286.54,22860.96,23011.11,1.0
2023-01-27,1674777600,23017.09,23501.87,22532.21,23080.06,1.0
2023-01-28,1674864000,23080.26,23190.27,22891.61,23031.1,1.0
2023-01-29,1674950400,23032.78,23955.86,22981.3,23750.97,1.0
2023-01-30,1675036800,23747.5,23802.62,22505.55,22832.84,1.0
2023-01-31,1675123200,22835.22,23313.21,22726.7,23132.21,1.0
2023-02-01,1675209600,23134.83,23808.19,22770.86,23729.85,1.0
2023-02-02,1675296000,23730.77,24264.14,23376.85,23491.99,1.0
2023-02-03,1675382400,23503.23,23719.33,23214.88,23437.07,1.0
2023-02-04,1675468800,23430.62,23584.32,23264.96,23332.69,1.0
2023-02-05,1675555200,23330.84,23428.75,22761.44,22938.34,1.0
2023-02-06,1675641600,22939.02,23154.83,22631.11,22764.17,1.0
2023-02-07,1675728000,22762.97,23344.44,22749.69,23250.93,1.0
2023-02-08,1675814400,23250.06,23445.5,22679.71,22966.38,1.0
2023-02-09,1675900800,22966.96,23030.64,21696.5,21797.75,1.0
2023-02-10,1675987200,21797.02,21937.83,21463.12,21635.15,1.0
2023-02-11,1676073600,21633.76,21906.05,21610.5,21864.96,1.0
2023-02-12,1676160000,21865.3,22088.75,21640.38,21787.3,1.0
2023-02-13,1676246400,21787.57,21900.01,21370.29,21789.63,1.0
2023-02-14,1676332800,21790.36,22325.35,21543.63,22211.03,1.0
2023-02-15,1676419200,22209.55,24374.94,22054.17,24330.81,1.0
2023-02-16,1676505600,24335.35,25262.85,23511.67,23519.85,1.0
2023-02-17,1676592000,23519.6,25017.98,23354.04,24578.37,1.0
2023-02-18,1676678400,24576.19,24870.82,24434.94,24638.27,1.0
2023-02-19,1676764800,24637.8,25191.11,24198.25,24288.51,1.0
2023-02-20,1676851200,24283.39,25118.22,23857.23,24841.34,1.0
2023-02-21,1676937600,24843.1,25259.72,24159.75,24449.26,1.0
2023-02-22,1677024000,24448.47,24468.75,23590.24,24186.54,1.0
2023-02-23,1677110400,24187.82,24598.44,23622.71,23943.19,1.0
2023-02-24,1677196800,23945.29,24130.06,22759.88,23190.5,1.0
2023-02-25,1677283200,23191.08,23219.1,22747.36,23164.72,1.0
2023-02-26,1677369600,23164.52,23681.32,23064.16,23558.98,1.0
2023-02-27,1677456000,23559.27,23889.05,23118.81,23492.91,1.0
2023-02-28,1677542400,23491.06,23597.72,23037.29,23136.03,1.0
2023-03-01,1677628800,23142.91,23987.86,23034.79,23638.25,1.0
2023-03-02,1677715200,23634.19,23797.66,23201.7,23467.3,1.0
2023-03-03,1677801600,23468.8,23478.5,21997.01,22394.0,1.0
2023-03-04,1677888000,22393.97,22665.46,22163.98,22349.12,1.0
2023-03-05,1677974400,22348.79,22654.3,22205.83,22428.98,1.0
2023-03-06,1678060800,22428.86,22598.04,22268.77,22417.1,1.0
2023-03-07,1678147200,22415.57,22552.12,21927.51,22201.83,1.0
2023-03-08,1678233600,22203.58,22282.92,21588.56,21701.47,1.0
2023-03-09,1678320000,21699.33,21842.13,19858.83,20346.9,1.0
2023-03-10,1678406400,20349.67,20350.45,19559.36,20222.68,1.0
2023-03-11,1678492800,20222.45,21214.12,19970.53,20726.52,1.0
2023-03-12,1678579200,20718.5,22461.4,20521.97,22243.34,1.0
2023-03-13,1678665600,22248.46,24654.18,21944.36,24218.48,1.0
2023-03-14,1678752000,24225.5,26534.12,24055.05,24758.48,1.0
2023-03-15,1678838400,24759.19,25289.44,23932.29,24376.05,1.0
2023-03-16,1678924800,24373.6,25222.15,24217.9,25051.83,1.0
2023-03-17,1679011200,25052.31,27826.18,24948.39,27454.54,1.0
2023-03-18,1679097600,27457.67,27777.85,26665.21,26976.15,1.0
2023-03-19,1679184000,26984.87,28473.58,26898.89,28051.94,1.0
2023-03-20,1679270400,28068.32,28569.81,27227.59,27806.91,1.0
2023-03-21,1679356800,27803.43,28518.96,27404.26,28190.61,1.0
2023-03-22,1679443200,28185.77,28919.3,26670.82,27319.63,1.0
2023-03-23,1679529600,27318.69,28820.41,27187.2,28342.19,1.0
2023-03-24,1679616000,28344.44,28662.2,27032.26,27493.31,1.0
2023-03-25,1679702400,27494.34,27816.82,27186.67,27492.9,1.0
2023-03-26,1679788800,27491.6,28228.18,27446.93,28001.0,1.0
2023-03-27,1679875200,27995.81,28047.64,26527.13,27140.89,1.0
2023-03-28,1679961600,27140.74,27513.85,26634.82,27274.78,1.0
2023-03-29,1680048000,27276.35,28639.76,27259.27,28349.29,1.0
2023-03-30,1680134400,28360.29,29182.1,27701.63,28012.29,1.0
2023-03-31,1680220800,28017.76,28650.35,27524.59,28475.84,1.0
2023-04-01,1680307200,28476.44,28816.28,28236.32,28469.31,1.0
2023-04-02,1680393600,28469.51,28538.1,27875.95,28189.84,1.0
2023-04-03,1680480000,28187.21,28514.75,27231.58,27811.63,1.0
2023-04-04,1680566400,27809.95,28443.67,27631.76,28177.64,1.0
2023-04-05,1680652800,28176.04,28786.04,27819.1,28180.65,1.0
2023-04-06,1680739200,28179.83,28195.75,27709.94,28048.62,1.0
2023-04-07,1680825600,28054.16,28118.84,27792.58,27928.24,1.0
2023-04-08,1680912000,27928.86,28173.63,27887.55,27961.12,1.0
2023-04-09,1680998400,27959.95,28547.59,27820.74,28336.98,1.0
2023-04-10,1681084800,28343.16,29795.87,28175.97,29655.48,1.0
2023-04-11,1681171200,29655.9,30578.14,29612.84,30232.31,1.0
2023-04-12,1681257600,30233.95,30506.38,29676.96,29905.89,1.0
2023-04-13,1681344000,29908.39,30628.71,29880.12,30407.47,1.0
2023-04-14,1681430400,30409.77,31046.25,29997.74,30495.03,1.0
2023-04-15,1681516800,30495.41,30622.66,30242.09,30324.64,1.0
2023-04-16,1681603200,30323.78,30566.66,30152.03,30325.58,1.0
2023-04-17,1681689600,30324.12,30336.63,29256.77,29450.35,1.0
2023-04-18,1681776000,29451.47,30490.7,29116.73,30394.56,1.0
2023-04-19,1681862400,30392.64,30424.14,28598.8,28821.81,1.0
2023-04-20,1681948800,28819.72,29100.47,28000.58,28248.1,1.0
2023-04-21,1682035200,28250.35,28368.88,27144.01,27263.11,-1.0
2023-04-22,1682121600,27263.69,27897.05,27144.59,27822.84,-1.0
2023-04-23,1682208000,27823.46,27823.49,27343.58,27596.46,-1.0
2023-04-24,1682294400,27596.46,28003.12,26972.79,27522.0,-1.0
2023-04-25,1682380800,27522.43,28404.25,27197.57,28306.95,-1.0
2023-04-26,1682467200,28308.65,30039.06,27248.05,28430.87,-1.0
2023-04-27,1682553600,28431.79,29895.35,28393.18,29484.15,-1.0
2023-04-28,1682640000,29484.73,29607.75,28912.16,29337.1,-1.0
2023-04-29,1682726400,29338.13,29469.7,29053.94,29250.74,-1.0
2023-04-30,1682812800,29252.33,29972.89,29109.83,29248.47,-1.0
2023-05-01,1682899200,29250.13,29347.7,27665.95,28084.93,-1.0
2023-05-02,1682985600,28086.08,28916.22,27890.1,28698.86,-1.0
2023-05-03,1683072000,28698.78,29280.29,28140.32,29044.22,-1.0
2023-05-04,1683158400,29046.46,29387.66,28691.3,28870.25,-1.0
2023-05-05,1683244800,28872.99,29715.39,28822.95,29554.64,-1.0
2023-05-06,1683331200,29552.32,29870.31,28413.5,28962.11,-1.0
2023-05-07,1683417600,28961.42,29241.35,28552.88,28594.28,-1.0
2023-05-08,1683504000,28596.43,28813.39,27380.29,27810.71,-1.0
2023-05-09,1683590400,27808.47,28003.3,27441.75,27695.74,-1.0
2023-05-10,1683676800,27649.6,28334.24,26821.23,27620.45,-1.0
2023-05-11,1683763200,27621.53,27647.44,26734.25,26993.22,-1.0
2023-05-12,1683849600,26989.42,27104.83,25823.6,26809.46,-1.0
2023-05-13,1683936000,26811.45,27072.19,26705.9,26788.7,-1.0
2023-05-14,1684022400,26794.1,27205.8,26595.63,26930.75,-1.0
2023-05-15,1684108800,26931.05,27673.93,26736.44,27175.18,-1.0
2023-05-16,1684195200,27171.37,27304.3,26867.56,27041.17,-1.0
2023-05-17,1684281600,27042.18,27509.15,26563.97,27409.77,-1.0
2023-05-18,1684368000,27413.52,27487.25,26373.38,26829.1,-1.0
2023-05-19,1684454400,26830.41,27190.04,26646.51,26895.42,-1.0
2023-05-20,1684540800,26894.17,27163.75,26843.35,27116.5,-1.0
2023-05-21,1684627200,27118.52,27283.01,26679.01,26753.31,-1.0
2023-05-22,1684713600,26753.38,27102.41,26535.85,26858.63,-1.0
2023-05-23,1684800000,26858.37,27508.18,26812.44,27228.43,-1.0
2023-05-24,1684886400,27226.84,27231.1,26070.54,26329.53,-1.0
2023-05-25,1684972800,26329.56,26622.08,25873.34,26482.89,-1.0
2023-05-26,1685059200,26484.94,26943.58,26342.33,26718.79,-1.0
2023-05-27,1685145600,26720.12,26914.15,26566.94,26874.67,-1.0
2023-05-28,1685232000,26876.21,28264.89,26789.2,28082.01,-1.0
2023-05-29,1685318400,28082.01,28462.73,27544.2,27751.78,-1.0
2023-05-30,1685404800,27751.3,28056.81,27571.2,27707.09,-1.0
2023-05-31,1685491200,27705.22,27842.37,26849.81,27219.57,-1.0
2023-06-01,1685577600,27223.41,27354.2,26619.38,26825.56,-1.0
2023-06-02,1685664000,26824.03,27305.16,26509.53,27252.22,-1.0
2023-06-03,1685750400,27252.19,27339.43,26929.04,27075.63,-1.0
2023-06-04,1685836800,27074.82,27469.71,26963.0,27123.99,-1.0
2023-06-05,1685923200,27120.98,27134.94,25392.86,25732.88,-1.0
2023-06-06,1686009600,25734.58,27364.77,25350.48,27238.18,-1.0
2023-06-07,1686096000,27242.36,27392.77,26137.44,26351.68,-1.0
2023-06-08,1686182400,26350.6,26826.33,26224.33,26512.76,-1.0
2023-06-09,1686268800,26511.1,26786.7,26287.48,26488.23,-1.0
2023-06-10,1686355200,26488.73,26537.44,25399.63,25858.78,-1.0
2023-06-11,1686441600,25858.78,26215.28,25658.0,25940.01,-1.0
2023-06-12,1686528000,25939.77,26108.74,25625.8,25912.41,-1.0
2023-06-13,1686614400,25910.95,26428.18,25721.55,25936.28,-1.0
2023-06-14,1686700800,25936.51,26086.45,24824.0,25130.06,-1.0
2023-06-15,1686787200,25128.85,25747.2,24770.53,25582.77,-1.0
2023-06-16,1686873600,25581.0,26509.64,25170.56,26336.15,-1.0
2023-06-17,1686960000,26336.15,26804.75,26179.0,26515.09,-1.0
2023-06-18,1687046400,26516.97,26698.05,26260.37,26342.29,1.0
2023-06-19,1687132800,26341.04,27051.86,26266.18,26844.45,1.0
2023-06-20,1687219200,26844.29,28417.53,26652.1,28317.58,1.0
2023-06-21,1687305600,28317.8,30787.73,28279.49,30002.77,1.0
2023-06-22,1687392000,30003.41,30501.31,29569.14,29898.58,1.0
2023-06-23,1687478400,29897.34,31441.74,29819.41,30705.83,1.0
2023-06-24,1687564800,30703.32,30817.31,30271.37,30548.39,1.0
2023-06-25,1687651200,30547.68,31050.07,30287.33,30473.14,1.0
2023-06-26,1687737600,30473.86,30662.42,29928.15,30274.34,1.0
2023-06-27,1687824000,30274.11,31018.01,30233.26,30700.05,1.0
2023-06-28,1687910400,30700.99,30720.21,29846.05,30083.26,1.0
2023-06-29,1687996800,30083.03,30834.25,30046.42,30453.02,1.0
2023-06-30,1688083200,30453.04,31280.48,29452.19,30477.68,1.0
2023-07-01,1688169600,30477.43,30658.91,30330.75,30594.48,1.0
2023-07-02,1688256000,30593.98,30797.49,30181.35,30625.3,1.0
2023-07-03,1688342400,30626.82,31391.7,30587.0,31160.43,1.0
2023-07-04,1688428800,31163.68,31331.68,30635.73,30776.54,1.0
2023-07-05,1688515200,30776.21,30875.89,30196.99,30507.27,1.0
2023-07-06,1688601600,30506.27,31552.28,29865.33,29911.02,1.0
2023-07-07,1688688000,29908.33,30450.83,29721.72,30352.3,1.0
2023-07-08,1688774400,30351.86,30389.7,30066.7,30299.25,1.0
2023-07-09,1688860800,30299.25,30453.27,30080.24,30174.62,1.0
2023-07-10,1688947200,30175.34,31042.51,29965.03,30423.95,1.0
2023-07-11,1689033600,30422.95,30809.56,30320.36,30631.36,1.0
2023-07-12,1689120000,30633.89,30982.0,30227.25,30396.78,1.0
2023-07-13,1689206400,30395.64,31829.0,30258.46,31482.21,1.0
2023-07-14,1689292800,31483.23,31644.47,29940.08,30333.56,1.0
2023-07-15,1689379200,30332.66,30403.97,30267.04,30299.26,1.0
2023-07-16,1689465600,30300.6,30457.63,30078.23,30250.49,1.0
2023-07-17,1689552000,30248.97,30342.59,29678.15,30154.32,1.0
2023-07-18,1689638400,30152.07,30243.7,29522.25,29868.81,1.0
2023-07-19,1689724800,29863.81,30201.29,29770.34,29921.83,1.0
2023-07-20,1689811200,29920.35,30419.8,29571.85,29813.01,1.0
2023-07-21,1689897600,29813.51,30063.87,29738.7,29917.77,1.0
2023-07-22,1689984000,29917.56,30003.12,29645.97,29792.96,1.0
2023-07-23,1690070400,29792.83,30351.55,29749.59,30092.75,1.0
2023-07-24,1690156800,30091.5,30102.82,28874.0,29189.1,-1.0
2023-07-25,1690243200,29188.72,29378.38,29065.48,29236.54,-1.0
2023-07-26,1690329600,29235.78,29690.93,29111.01,29358.33,-1.0
2023-07-27,1690416000,29358.0,29572.18,29087.68,29225.73,-1.0
2023-07-28,1690502400,29224.23,29535.39,29129.53,29328.09,-1.0
2023-07-29,1690588800,29327.86,29412.87,29267.84,29369.53,-1.0
2023-07-30,1690675200,29369.79,29456.1,29053.2,29288.27,-1.0
2023-07-31,1690761600,29288.05,29524.5,29122.39,29240.57,-1.0
2023-08-01,1690848000,29237.8,29722.98,28612.0,29705.37,-1.0
2023-08-02,1690934400,29706.04,30033.5,28930.67,29169.38,-1.0
2023-08-03,1691020800,29170.04,29408.19,28952.98,29185.84,-1.0
2023-08-04,1691107200,29185.76,29315.12,28788.03,29086.35,-1.0
2023-08-05,1691193600,29085.76,29117.94,28960.97,29054.56,-1.0
2023-08-06,1691280000,29054.38,29168.51,28969.03,29053.48,-1.0
2023-08-07,1691366400,29053.25,29251.0,28669.11,29190.55,-1.0
2023-08-08,1691452800,29192.57,30226.5,29122.34,29774.15,-1.0
2023-08-09,1691539200,29775.65,30129.27,29365.49,29573.89,-1.0
2023-08-10,1691625600,29573.92,29712.95,29317.25,29433.51,-1.0
2023-08-11,1691712000,29434.01,29537.54,29223.42,29407.86,-1.0
2023-08-12,1691798400,29407.86,29473.73,29361.72,29422.34,-1.0
2023-08-13,1691884800,29422.42,29451.93,29264.29,29289.76,-1.0
2023-08-14,1691971200,29288.97,29667.77,29090.49,29419.22,-1.0
2023-08-15,1692057600,29419.0,29467.16,29064.65,29176.89,-1.0
2023-08-16,1692144000,29176.63,29232.71,28701.67,28707.5,-1.0
2023-08-17,1692230400,28705.2,28758.96,25253.44,26635.04,-1.0
2023-08-18,1692316800,26631.58,26824.09,25618.28,26053.12,-1.0
2023-08-19,1692403200,26054.35,26267.78,25800.8,26097.91,-1.0
2023-08-20,1692489600,26096.9,26295.77,25987.68,26196.16,-1.0
2023-08-21,1692576000,26195.97,26251.06,25820.83,26129.39,-1.0
2023-08-22,1692662400,26129.39,26138.6,25361.73,26046.38,-1.0
2023-08-23,1692748800,26049.11,26809.42,25811.22,26434.24,-1.0
2023-08-24,1692835200,26432.81,26572.6,25869.43,26172.62,-1.0
2023-08-25,1692921600,26173.37,26295.76,25773.0,26056.55,-1.0
2023-08-26,1693008000,26057.07,26126.94,25987.59,26016.25,-1.0
2023-08-27,1693094400,26016.25,26175.94,25971.85,26097.39,-1.0
2023-08-28,1693180800,26096.39,26237.7,25866.55,26115.16,-1.0
2023-08-29,1693267200,26114.91,28167.47,25924.34,27731.92,-1.0
2023-08-30,1693353600,27729.96,27770.58,27016.74,27309.12,-1.0
2023-08-31,1693440000,27309.87,27567.37,25680.15,25941.91,-1.0
2023-09-01,1693526400,25940.2,26142.32,25328.92,25804.3,-1.0
2023-09-02,1693612800,25804.98,25982.82,25744.1,25869.38,-1.0
2023-09-03,1693699200,25870.88,26122.75,25811.1,25972.31,-1.0
2023-09-04,1693785600,25972.81,26088.32,25640.45,25816.11,-1.0
2023-09-05,1693872000,25820.11,25880.96,25570.22,25787.15,-1.0
2023-09-06,1693958400,25787.07,26023.2,25393.3,25760.61,-1.0
2023-09-07,1694044800,25760.83,26451.56,25611.45,26256.68,-1.0
2023-09-08,1694131200,26260.72,26439.6,25655.53,25909.39,-1.0
2023-09-09,1694217600,25909.16,25934.72,25801.79,25899.53,-1.0
2023-09-10,1694304000,25900.53,26031.15,25589.13,25839.44,-1.0
2023-09-11,1694390400,25837.44,25887.9,24915.5,25163.39,-1.0
2023-09-12,1694476800,25162.38,26547.45,25135.46,25842.0,-1.0
2023-09-13,1694563200,25842.09,26612.65,25775.61,26230.44,-1.0
2023-09-14,1694649600,26231.34,26855.02,26144.21,26535.32,-1.0
2023-09-15,1694736000,26535.0,26892.09,26229.46,26611.11,-1.0
2023-09-16,1694822400,26611.45,26773.2,26466.96,26571.3,-1.0
2023-09-17,1694908800,26571.02,26620.42,26418.76,26538.19,-1.0
2023-09-18,1694995200,26536.71,27442.36,26403.46,26770.2,-1.0
2023-09-19,1695081600,26769.08,27497.13,26685.03,27225.68,-1.0
2023-09-20,1695168000,27227.53,27398.65,26820.42,27132.76,-1.0
2023-09-21,1695254400,27131.44,27164.37,26376.48,26572.29,-1.0
2023-09-22,1695340800,26573.54,26735.44,26490.49,26587.3,-1.0
2023-09-23,1695427200,26586.55,26678.15,26521.75,26588.1,-1.0
2023-09-24,1695513600,26587.6,26735.03,26153.72,26262.39,-1.0
2023-09-25,1695600000,26252.14,26441.74,26000.2,26303.22,-1.0
2023-09-26,1695686400,26303.72,26396.7,26097.08,26218.84,-1.0
2023-09-27,1695772800,26219.08,26836.8,26107.62,26367.38,-1.0
2023-09-28,1695859200,26367.62,27314.69,26336.07,27031.49,-1.0
2023-09-29,1695945600,27036.19,27240.9,26685.93,26916.78,-1.0
2023-09-30,1696032000,26915.92,27099.06,26891.54,26969.98,-1.0
2023-10-01,1696118400,26968.53,28077.13,26963.24,27995.39,-1.0
2023-10-02,1696204800,27998.64,28597.22,27317.08,27510.99,-1.0
2023-10-03,1696291200,27511.48,27675.08,27173.87,27430.79,-1.0
2023-10-04,1696377600,27429.79,27836.42,27217.61,27797.44,-1.0
2023-10-05,1696464000,27797.03,28128.85,27365.54,27415.44,-1.0
2023-10-06,1696550400,27416.24,28292.95,27184.63,27945.74,-1.0
2023-10-07,1696636800,27941.24,28032.39,27857.73,27971.96,-1.0
2023-10-08,1696723200,27972.46,28103.54,27718.43,27932.56,-1.0
2023-10-09,1696809600,27931.31,27996.38,27288.66,27598.69,-1.0
2023-10-10,1696896000,27601.19,27734.64,27302.7,27399.9,-1.0
2023-10-11,1696982400,27402.4,27478.38,26541.83,26876.35,-1.0
2023-10-12,1697068800,26873.79,26940.39,26555.68,26765.6,-1.0
2023-10-13,1697155200,26762.74,27126.81,26677.91,26868.36,-1.0
2023-10-14,1697241600,26868.36,26985.16,26809.25,26858.75,-1.0
2023-10-15,1697328000,26859.25,27299.12,26818.04,27174.56,-1.0
2023-10-16,1697414400,27171.56,30027.0,27126.96,28519.76,-1.0
2023-10-17,1697500800,28520.76,28623.63,28090.8,28410.66,-1.0
2023-10-18,1697587200,28410.33,28988.64,28160.9,28330.4,-1.0
2023-10-19,1697673600,28328.84,28927.49,28139.52,28736.56,-1.0
2023-10-20,1697760000,28736.88,30239.0,28601.49,29685.66,1.0
2023-10-21,1697846400,29683.91,30359.58,29479.89,29923.51,1.0
2023-10-22,1697932800,29921.03,30246.43,29677.53,30004.11,1.0
2023-10-23,1698019200,30005.36,34406.25,29906.47,33082.5,1.0
2023-10-24,1698105600,33083.03,35194.81,32858.64,33927.73,1.0
2023-10-25,1698192000,33931.07,35143.57,33700.75,34499.56,1.0
2023-10-26,1698278400,34497.31,34836.26,33739.77,34164.73,1.0
2023-10-27,1698364800,34160.14,34250.92,33388.4,33915.05,1.0
2023-10-28,1698451200,33914.02,34500.18,33876.05,34093.13,1.0
2023-10-29,1698537600,34092.6,34764.88,33952.85,34538.5,1.0
2023-10-30,1698624000,34541.25,34890.1,34093.25,34496.72,1.0
2023-10-31,1698710400,34495.65,34728.52,34067.72,34660.4,1.0
2023-11-01,1698796800,34661.82,35623.42,34103.12,35442.2,1.0
2023-11-02,1698883200,35442.2,35971.45,34328.68,34939.68,1.0
2023-11-03,1698969600,34942.43,34945.85,34129.75,34737.62,1.0
2023-11-04,1699056000,34740.63,35277.07,34617.56,35091.58,1.0
2023-11-05,1699142400,35091.88,35406.78,34498.53,35051.1,1.0
2023-11-06,1699228800,35047.72,35293.56,34771.24,35045.77,1.0
2023-11-07,1699315200,35054.27,35921.03,34534.67,35433.57,1.0
2023-11-08,1699401600,35430.43,36115.15,35105.04,35633.63,1.0
2023-11-09,1699488000,35631.88,37980.5,35553.71,36698.15,1.0
2023-11-10,1699574400,36703.63,37532.2,36341.89,37314.13,1.0
2023-11-11,1699660800,37321.88,37415.68,36670.88,37142.98,1.0
2023-11-12,1699747200,37137.21,37231.65,36744.3,37067.98,1.0
2023-11-13,1699833600,37067.6,37432.62,36364.0,36489.44,1.0
2023-11-14,1699920000,36485.95,36752.82,34801.41,35551.12,1.0
2023-11-15,1700006400,35551.63,37965.5,35368.04,37881.01,1.0
2023-11-16,1700092800,37881.01,37949.44,35521.08,36161.56,1.0
2023-11-17,1700179200,36167.06,36841.5,35869.3,36627.85,1.0
2023-11-18,1700265600,36628.39,36852.04,36214.97,36588.0,1.0
2023-11-19,1700352000,36589.81,37526.88,36412.73,37390.02,1.0
2023-11-20,1700438400,37394.49,37768.77,36692.75,37471.79,1.0
2023-11-21,1700524800,37469.32,37660.14,35758.75,35760.5,1.0
2023-11-22,1700611200,35762.61,37869.0,35647.25,37420.85,1.0
2023-11-23,1700697600,37423.1,37642.92,36884.68,37296.49,1.0
2023-11-24,1700784000,37301.74,38433.48,37262.19,37726.56,1.0
2023-11-25,1700870400,37730.62,37905.32,37607.98,37799.05,1.0
2023-11-26,1700956800,37799.76,37821.79,37149.46,37458.92,1.0
2023-11-27,1701043200,37460.23,37566.25,36723.53,37249.68,1.0
2023-11-28,1701129600,37251.19,38396.41,36887.14,37831.24,1.0
2023-11-29,1701216000,37831.99,38439.5,37584.71,37857.71,1.0
2023-11-30,1701302400,37859.7,38152.52,37500.25,37723.24,1.0
2023-12-01,1701388800,37728.57,38975.85,37623.49,38694.14,1.0
2023-12-02,1701475200,38694.89,39710.75,38653.53,39467.01,1.0
2023-12-03,1701561600,39462.38,40179.6,39287.25,39972.23,1.0
2023-12-04,1701648000,39976.73,42391.49,39851.65,41974.74,1.0
2023-12-05,1701734400,41963.13,44610.75,41268.78,44088.05,1.0
2023-12-06,1701820800,44091.78,44286.64,43391.88,43775.94,1.0
2023-12-07,1701907200,43775.28,44058.41,42860.63,43288.41,1.0
2023-12-08,1701993600,43287.3,44720.5,43092.82,44184.59,1.0
2023-12-09,1702080000,44190.12,44370.4,43605.04,43723.46,1.0
2023-12-10,1702166400,43721.88,44048.4,43588.67,43794.17,1.0
2023-12-11,1702252800,43796.42,43815.8,40132.0,41248.85,1.0
2023-12-12,1702339200,41246.13,42143.64,40660.73,41476.57,1.0
2023-12-13,1702425600,41487.15,43449.38,40603.69,42888.41,1.0
2023-12-14,1702512000,42894.37,43425.31,41442.44,43034.72,1.0
2023-12-15,1702598400,43037.97,43093.65,41681.25,41944.05,1.0
2023-12-16,1702684800,41945.04,42691.6,41651.87,42260.7,1.0
2023-12-17,1702771200,42253.93,42382.46,41253.0,41362.47,1.0
2023-12-18,1702857600,41360.25,42742.3,40511.23,42654.53,1.0
2023-12-19,1702944000,42660.68,43467.39,41811.0,42276.81,1.0
2023-12-20,1703030400,42274.84,44319.72,42216.67,43664.69,1.0
2023-12-21,1703116800,43666.78,44244.23,43323.1,43876.91,1.0
2023-12-22,1703203200,43876.49,44426.69,43443.23,44012.68,1.0
2023-12-23,1703289600,44019.91,44031.96,43331.59,43752.61,1.0
2023-12-24,1703376000,43752.37,43962.69,42673.54,43028.98,1.0
2023-12-25,1703462400,43023.73,43821.05,42768.84,43606.44,1.0
2023-12-26,1703548800,43605.19,43615.78,41623.19,42528.16,1.0
2023-12-27,1703635200,42530.08,43681.0,42138.42,43473.63,1.0
2023-12-28,1703721600,43469.82,43806.91,42312.07,42599.41,1.0
2023-12-29,1703808000,42610.91,43143.98,41302.65,42093.09,1.0
2023-12-30,1703894400,42088.53,42608.73,41546.0,42159.51,1.0
2023-12-31,1703980800,42158.86,42882.6,41988.7,42278.29,1.0
2024-01-01,1704067200,42279.67,44202.58,42202.84,44190.9,1.0
2024-01-02,1704153600,44192.15,45920.31,44162.58,44977.2,1.0
2024-01-03,1704240000,44980.8,45524.41,40490.92,42861.49,1.0
2024-01-04,1704326400,42861.77,44797.48,42665.25,44203.8,1.0
2024-01-05,1704412800,44204.84,44405.84,42460.75,44185.37,1.0
2024-01-06,1704499200,44187.17,44254.69,43445.13,43992.36,1.0
2024-01-07,1704585600,43987.95,44498.48,43635.2,43942.3,1.0
2024-01-08,1704672000,43941.36,47285.4,43215.74,46981.38,1.0
2024-01-09,1704758400,46985.65,47910.75,44662.39,46122.45,1.0
2024-01-10,1704844800,46113.12,47691.28,44305.95,46666.23,1.0
2024-01-11,1704931200,46672.16,48975.07,45588.91,46346.52,-1.0
2024-01-12,1705017600,46343.09,46511.55,41482.49,42790.03,-1.0
2024-01-13,1705104000,42795.05,43244.0,42441.95,42839.31,-1.0
2024-01-14,1705190400,42831.56,43063.53,41704.18,41715.61,-1.0
2024-01-15,1705276800,41709.56,43335.73,41690.0,42502.39,-1.0
2024-01-16,1705363200,42496.25,43572.88,42048.78,43139.79,-1.0
2024-01-17,1705449600,43142.01,43188.12,42184.55,42750.82,-1.0
2024-01-18,1705536000,42751.45,42889.31,40632.26,41294.55,-1.0
2024-01-19,1705622400,41290.84,42165.96,40276.87,41644.74,-1.0
2024-01-20,1705708800,41646.21,41861.04,41091.14,41691.92,-1.0
2024-01-21,1705795200,41687.89,41978.4,41507.07,41586.94,-1.0
2024-01-22,1705881600,41583.43,41684.05,39419.06,39540.57,-1.0
2024-01-23,1705968000,39537.32,40148.12,38524.0,39882.07,-1.0
2024-01-24,1706054400,39877.07,40533.39,39455.06,40090.15,-1.0
2024-01-25,1706140800,40090.67,40288.89,39536.05,39945.87,-1.0
2024-01-26,1706227200,39945.37,42220.44,39825.09,41817.0,-1.0
2024-01-27,1706313600,41818.32,42196.32,41396.21,42126.46,-1.0
2024-01-28,1706400000,42126.96,42819.52,41630.18,42032.37,-1.0
2024-01-29,1706486400,42032.89,43324.19,41807.54,43297.42,-1.0
2024-01-30,1706572800,43296.75,43862.55,42697.05,42950.2,-1.0
2024-01-31,1706659200,42948.43,43736.06,42283.47,42562.95,-1.0
2024-02-01,1706745600,42559.54,43265.55,41866.89,43078.25,-1.0
2024-02-02,1706832000,43082.67,43515.88,42541.55,43187.89,-1.0
2024-02-03,1706918400,43188.38,43355.33,42881.92,42997.87,1.0
2024-02-04,1707004800,42996.41,43099.28,42235.95,42578.24,1.0
2024-02-05,1707091200,42578.8,43516.0,42244.23,42668.42,1.0
2024-02-06,1707177600,42668.08,43366.37,42535.34,43093.45,1.0
2024-02-07,1707264000,43089.79,44383.75,42769.04,44337.8,1.0
2024-02-08,1707350400,44337.91,45598.4,44329.18,45303.45,1.0
2024-02-09,1707436800,45303.36,48202.38,45252.43,47149.6,1.0
2024-02-10,1707523200,47147.53,48177.36,46895.88,47776.32,1.0
2024-02-11,1707609600,47776.07,48576.25,47593.3,48311.33,1.0
2024-02-12,1707696000,48317.79,50329.73,47694.17,49942.38,1.0
2024-02-13,1707782400,49940.41,50386.91,48303.7,49744.44,1.0
2024-02-14,1707868800,49744.16,52086.45,49268.53,51829.17,1.0
2024-02-15,1707955200,51830.68,52829.25,51333.17,51929.1,1.0
2024-02-16,1708041600,51926.83,52590.6,51604.47,52160.74,1.0
2024-02-17,1708128000,52163.49,52193.01,50500.14,51666.81,1.0
2024-02-18,1708214400,51665.83,52409.03,51191.62,52127.48,1.0
2024-02-19,1708300800,52135.18,52484.65,51683.7,51769.54,1.0
2024-02-20,1708387200,51766.56,52971.7,50695.43,52247.41,1.0
2024-02-21,1708473600,52246.66,52357.7,50578.75,51855.14,1.0
2024-02-22,1708560000,51858.34,52065.0,50904.71,51272.95,1.0
2024-02-23,1708646400,51273.1,51507.27,50428.75,50741.61,1.0
2024-02-24,1708732800,50740.35,51691.3,50584.06,51579.29,1.0
2024-02-25,1708819200,51579.03,51956.38,51291.0,51725.45,1.0
2024-02-26,1708905600,51731.94,54897.25,50907.81,54496.22,1.0
2024-02-27,1708992000,54497.93,57592.85,54463.4,57054.17,1.0
2024-02-28,1709078400,57055.32,64005.2,56528.97,62472.68,1.0
2024-02-29,1709164800,62473.97,63630.25,60257.6,61165.98,1.0
2024-03-01,1709251200,61161.73,63177.55,60722.36,62415.76,1.0
2024-03-02,1709337600,62409.26,62473.5,61628.92,62020.87,1.0
2024-03-03,1709424000,62020.1,63253.0,61385.0,63148.92,1.0
2024-03-04,1709510400,63146.76,68465.5,62288.5,68285.06,1.0
2024-03-05,1709596800,68288.08,69156.65,59173.92,63792.77,1.0
2024-03-06,1709683200,63798.34,67653.84,62833.75,66103.55,1.0
2024-03-07,1709769600,66102.85,68042.77,65621.41,66885.68,1.0
2024-03-08,1709856000,66884.48,70055.5,65914.27,68227.79,1.0
2024-03-09,1709942400,68229.29,68644.2,67966.86,68401.77,1.0
2024-03-10,1710028800,68402.03,69960.25,68179.76,69012.3,1.0
2024-03-11,1710115200,69008.98,72831.6,67104.88,72066.5,1.0
2024-03-12,1710201600,72064.52,72960.41,68564.05,71413.66,1.0
2024-03-13,1710288000,71414.81,73660.87,71247.35,73084.11,1.0
2024-03-14,1710374400,73086.44,73757.39,68523.59,71364.95,1.0
2024-03-15,1710460800,71368.47,72435.74,65548.68,69507.92,1.0
2024-03-16,1710547200,69507.19,70047.25,64805.91,65263.96,1.0
2024-03-17,1710633600,65253.21,68871.86,64543.75,68376.06,1.0
2024-03-18,1710720000,68375.97,68918.5,66587.51,67608.76,1.0
2024-03-19,1710806400,67604.6,68117.6,61544.88,61935.42,1.0
2024-03-20,1710892800,61937.22,68164.33,60794.84,67877.2,1.0
2024-03-21,1710979200,67871.75,68250.39,64562.35,65511.65,1.0
2024-03-22,1711065600,65508.25,66652.23,62248.87,63814.92,1.0
2024-03-23,1711152000,63815.64,65999.77,63034.65,64017.09,1.0
2024-03-24,1711238400,64017.07,67703.6,63810.89,67216.71,1.0
2024-03-25,1711324800,67225.2,71170.76,66406.06,69890.57,1.0
2024-03-26,1711411200,69889.43,71539.17,69242.62,69993.63,1.0
2024-03-27,1711497600,69997.5,71725.44,68337.28,69440.32,1.0
2024-03-28,1711584000,69439.09,71581.57,68858.0,70780.6,1.0
2024-03-29,1711670400,70775.32,70918.77,69063.41,69896.46,1.0
2024-03-30,1711756800,69904.44,70340.66,69598.41,69640.22,1.0
2024-03-31,1711843200,69635.97,71389.7,69608.47,71320.68,1.0
2024-04-01,1711929600,71316.8,71322.4,68082.04,69688.23,1.0
2024-04-02,1712016000,69686.99,69701.98,64457.83,65471.44,1.0
2024-04-03,1712102400,65473.65,66929.77,64534.8,65983.36,1.0
2024-04-04,1712188800,65979.89,69420.97,65084.51,68523.16,1.0
2024-04-05,1712275200,68520.02,68759.5,65990.63,67847.25,1.0
2024-04-06,1712361600,67849.25,69686.27,67459.47,68906.37,1.0
2024-04-07,1712448000,68906.04,70286.0,68853.06,69359.11,1.0
2024-04-08,1712534400,69353.84,72756.63,69065.21,71640.13,1.0
2024-04-09,1712620800,71640.85,71749.59,68229.55,69144.23,-1.0
2024-04-10,1712707200,69134.67,71187.68,67501.02,70641.06,-1.0
2024-04-11,1712793600,70655.43,71321.94,69583.77,70046.53,-1.0
2024-04-12,1712880000,70047.28,71248.19,65140.33,67141.2,-1.0
2024-04-13,1712966400,67138.11,68213.52,61054.5,64031.79,-1.0
2024-04-14,1713052800,64015.99,65873.5,62291.93,65754.76,-1.0
2024-04-15,1713139200,65745.64,66903.88,62333.5,63446.65,-1.0
2024-04-16,1713225600,63468.0,64383.23,61645.02,63837.89,-1.0
2024-04-17,1713312000,63838.14,64534.54,59707.58,61304.19,-1.0
2024-04-18,1713398400,61291.78,64182.18,60854.42,63516.74,-1.0
2024-04-19,1713484800,63513.59,65501.47,59635.83,63846.37,-1.0
2024-04-20,1713571200,63856.24,65450.55,63148.79,64999.39,-1.0
2024-04-21,1713657600,64986.91,65726.78,64269.75,64966.88,-1.0
2024-04-22,1713744000,64966.98,67467.93,64547.28,66859.89,-1.0
2024-04-23,1713830400,66859.62,67217.42,65830.37,66428.24,-1.0
2024-04-24,1713916800,66432.45,67071.99,63586.49,64287.77,-1.0
2024-04-25,1714003200,64283.02,65313.67,62773.42,64505.39,-1.0
2024-04-26,1714089600,64504.64,64800.7,63326.54,63778.3,-1.0
2024-04-27,1714176000,63777.8,63931.25,62398.9,63462.5,-1.0
2024-04-28,1714262400,63460.36,64353.58,62813.4,63134.46,-1.0
2024-04-29,1714348800,63136.72,64202.5,61795.65,63864.74,-1.0
2024-04-30,1714435200,63865.03,64745.03,59144.58,60675.03,-1.0
2024-05-01,1714521600,60671.8,60834.37,56522.25,58308.7,-1.0
2024-05-02,1714608000,58316.78,59658.28,56959.42,59122.5,-1.0
2024-05-03,1714694400,59113.63,63358.43,58853.19,62932.96,-1.0
2024-05-04,1714780800,62930.96,64553.0,62597.81,63920.05,-1.0
2024-05-05,1714867200,63920.97,64677.36,62956.34,64072.99,-1.0
2024-05-06,1714953600,64081.74,65541.11,62739.17,63191.99,-1.0
2024-05-07,1715040000,63191.01,64404.24,62301.91,62348.69,-1.0
2024-05-08,1715126400,62346.19,63021.81,60908.24,61210.41,-1.0
2024-05-09,1715212800,61199.16,63445.16,60657.08,63102.37,-1.0
2024-05-10,1715299200,63101.39,63619.78,60182.55,60795.52,-1.0
2024-05-11,1715385600,60796.2,61490.3,60493.28,60841.16,-1.0
2024-05-12,1715472000,60837.66,61863.36,60634.24,61492.91,1.0
2024-05-13,1715558400,61502.9,63460.05,60783.93,62949.09,1.0
2024-05-14,1715644800,62938.86,63107.01,61092.63,61579.86,1.0
2024-05-15,1715731200,61578.83,66475.25,61345.74,66259.92,1.0
2024-05-16,1715817600,66272.2,66759.46,64614.63,65261.65,1.0
2024-05-17,1715904000,65264.39,67510.75,65145.89,67081.21,1.0
2024-05-18,1715990400,67085.49,67408.67,66626.36,66942.22,1.0
2024-05-19,1716076800,66940.49,67785.23,65907.51,66284.51,1.0
2024-05-20,1716163200,66278.88,71506.45,66102.01,71417.32,1.0
2024-05-21,1716249600,71429.54,71939.1,69178.5,70142.99,1.0
2024-05-22,1716336000,70152.0,70642.8,68872.93,69140.73,1.0
2024-05-23,1716422400,69149.26,70171.49,66317.75,67971.06,1.0
2024-05-24,1716508800,67957.45,69281.51,66649.08,68559.73,1.0
2024-05-25,1716595200,68559.88,69607.08,68530.01,69296.34,1.0
2024-05-26,1716681600,69307.6,69517.8,68103.12,68506.03,1.0
2024-05-27,1716768000,68490.05,70623.35,68253.68,69407.63,1.0
2024-05-28,1716854400,69394.28,69538.39,67247.92,68351.97,1.0
2024-05-29,1716940800,68370.25,68882.6,67125.67,67607.21,1.0
2024-05-30,1717027200,67610.71,69533.47,67119.45,68363.65,1.0
2024-05-31,1717113600,68360.9,69015.68,66635.22,67507.38,1.0
2024-06-01,1717200000,67514.29,67838.81,67401.15,67729.62,1.0
2024-06-02,1717286400,67732.37,68409.98,67291.0,67758.16,1.0
2024-06-03,1717372800,67754.09,70277.8,67604.98,68812.75,1.0
2024-06-04,1717459200,68810.26,71075.98,68575.62,70567.23,1.0
2024-06-05,1717545600,70560.1,71747.28,70186.1,71111.18,1.0
2024-06-06,1717632000,71112.99,71631.77,70116.25,70784.19,1.0
2024-06-07,1717718400,70782.93,71943.26,68405.39,69340.38,1.0
2024-06-08,1717804800,69339.45,69553.45,69154.55,69309.89,1.0
2024-06-09,1717891200,69309.58,69824.19,69127.82,69643.44,1.0
2024-06-10,1717977600,69646.25,70161.76,69167.8,69512.71,1.0
2024-06-11,1718064000,69513.54,69551.63,66059.75,67325.53,-1.0
2024-06-12,1718150400,67325.28,70011.25,66909.08,68247.83,-1.0
2024-06-13,1718236800,68247.07,68440.87,66239.48,66751.09,-1.0
2024-06-14,1718323200,66760.97,67320.61,65026.0,66007.62,-1.0
2024-06-15,1718409600,66007.61,66422.72,65827.39,66200.27,-1.0
2024-06-16,1718496000,66200.02,66915.22,66020.75,66640.79,-1.0
2024-06-17,1718582400,66639.6,67275.99,65093.25,66503.35,-1.0
2024-06-18,1718668800,66503.38,66578.21,64067.75,65180.13,-1.0
2024-06-19,1718755200,65179.65,65722.84,64695.87,64977.45,-1.0
2024-06-20,1718841600,64978.19,66485.06,64555.0,64881.55,-1.0
2024-06-21,1718928000,64880.8,65054.25,63373.13,64136.8,-1.0
2024-06-22,1719014400,64141.07,64517.6,63955.3,64272.75,-1.0
2024-06-23,1719100800,64275.5,64526.14,63181.94,63198.38,-1.0
2024-06-24,1719187200,63197.37,63346.18,58468.32,60296.0,-1.0
2024-06-25,1719273600,60295.07,62407.45,60256.34,61812.68,-1.0
2024-06-26,1719360000,61816.14,62485.1,60702.68,60840.45,-1.0
2024-06-27,1719446400,60846.02,62366.49,60599.16,61669.87,-1.0
2024-06-28,1719532800,61660.38,62179.16,59971.18,60373.74,-1.0
2024-06-29,1719619200,60372.49,61172.69,60347.63,60927.92,-1.0
2024-06-30,1719705600,60927.61,62980.24,60679.18,62722.89,-1.0
2024-07-01,1719792000,62723.14,63826.29,62507.84,62867.66,-1.0
2024-07-02,1719878400,62862.64,63233.54,61589.0,62078.03,-1.0
2024-07-03,1719964800,62080.61,62239.48,59371.09,60182.9,-1.0
2024-07-04,1720051200,60188.65,60452.14,56761.18,57056.56,-1.0
2024-07-05,1720137600,57053.96,57537.75,53458.05,56670.13,-1.0
2024-07-06,1720224000,56668.91,58493.99,56070.23,58264.16,-1.0
2024-07-07,1720310400,58263.56,58462.4,55775.73,55891.87,-1.0
2024-07-08,1720396800,55896.25,58219.95,54344.06,56745.43,-1.0
2024-07-09,1720483200,56742.62,58310.13,56340.89,58071.87,-1.0
2024-07-10,1720569600,58070.62,59505.26,57204.1,57774.17,-1.0
2024-07-11,1720656000,57766.13,59550.77,57105.23,57374.19,-1.0
2024-07-12,1720742400,57373.92,58559.23,56587.66,57940.86,1.0
2024-07-13,1720828800,57945.53,59906.88,57817.51,59263.85,1.0
2024-07-14,1720915200,59271.35,61440.29,59267.0,60846.86,1.0
2024-07-15,1721001600,60843.74,64945.9,60724.02,64793.09,1.0
2024-07-16,1721088000,64790.87,65428.3,62464.83,65111.67,1.0
2024-07-17,1721174400,65106.16,66137.08,63888.77,64125.2,1.0
2024-07-18,1721260800,64125.73,65134.0,63241.78,63988.89,1.0
2024-07-19,1721347200,63990.59,67475.55,63339.04,66727.63,1.0
2024-07-20,1721433600,66726.88,67639.73,66306.1,67180.98,1.0
2024-07-21,1721520000,67183.23,68384.0,65863.55,68185.35,1.0
2024-07-22,1721606400,68189.34,68518.1,66616.86,67603.33,1.0
2024-07-23,1721692800,67601.81,67807.49,65475.52,65971.26,1.0
2024-07-24,1721779200,65971.01,67145.62,65142.75,65397.85,1.0
2024-07-25,1721865600,65396.31,66157.22,63448.99,65808.95,1.0
2024-07-26,1721952000,65812.68,68440.92,65755.8,67955.2,1.0
2024-07-27,1722038400,67962.29,69437.36,66688.65,67928.8,-1.0
2024-07-28,1722124800,67917.93,68332.96,67099.92,68294.33,-1.0
2024-07-29,1722211200,68287.83,70040.75,66485.23,66809.94,-1.0
2024-07-30,1722297600,66803.64,67032.46,65369.8,66216.2,-1.0
2024-07-31,1722384000,66215.7,66849.58,64540.4,64645.93,-1.0
2024-08-01,1722470400,64645.93,65607.89,62276.2,65336.55,-1.0
2024-08-02,1722556800,65337.15,65568.47,61203.75,61444.49,-1.0
2024-08-03,1722643200,61448.77,62177.32,59871.16,60715.11,-1.0
2024-08-04,1722729600,60713.38,61102.18,57188.58,58148.99,-1.0
2024-08-05,1722816000,58143.6,58294.28,49217.0,54051.91,-1.0
2024-08-06,1722902400,54067.33,57103.17,54015.79,56092.02,-1.0
2024-08-07,1722988800,56079.52,57761.99,54586.91,55138.53,-1.0
2024-08-08,1723075200,55152.31,62738.56,54773.16,61727.57,-1.0
2024-08-09,1723161600,61727.49,61761.4,59581.59,60881.01,-1.0
2024-08-10,1723248000,60873.15,61488.9,60287.98,60964.18,-1.0
2024-08-11,1723334400,60961.45,61863.17,58346.88,58745.55,-1.0
2024-08-12,1723420800,58742.29,60711.04,57686.08,59380.17,-1.0
2024-08-13,1723507200,59379.82,61601.36,58456.3,60622.3,-1.0
2024-08-14,1723593600,60619.07,61826.9,58491.89,58714.56,-1.0
2024-08-15,1723680000,58710.83,59882.22,56148.93,57562.38,-1.0
2024-08-16,1723766400,57562.14,59854.4,57118.12,58916.6,-1.0
2024-08-17,1723852800,58918.4,59724.3,58848.46,59511.7,-1.0
2024-08-18,1723939200,59512.72,60275.85,58455.15,58469.35,-1.0
2024-08-19,1724025600,58468.93,59640.95,57865.2,59507.84,-1.0
2024-08-20,1724112000,59497.38,61436.23,58603.91,59056.22,-1.0
2024-08-21,1724198400,59056.22,61846.5,58852.72,61188.5,-1.0
2024-08-22,1724284800,61192.34,61432.55,59792.93,60410.1,-1.0
2024-08-23,1724371200,60410.1,64999.98,60385.55,64102.53,-1.0
2024-08-24,1724457600,64103.53,64531.5,63616.56,64189.91,-1.0
2024-08-25,1724544000,64191.93,65105.95,63838.56,64290.76,-1.0
2024-08-26,1724630400,64287.03,64511.47,62854.45,62878.18,-1.0
2024-08-27,1724716800,62869.8,63242.32,58081.27,59467.41,-1.0
2024-08-28,1724803200,59467.17,60248.8,57918.36,59065.12,-1.0
2024-08-29,1724889600,59065.64,61202.3,58758.2,59406.74,-1.0
2024-08-30,1724976000,59403.41,59958.91,57763.0,59157.69,-1.0
2024-08-31,1725062400,59160.15,59485.75,58789.55,59015.67,-1.0
2024-09-01,1725148800,59015.67,59098.31,57237.0,57349.8,-1.0
2024-09-02,1725235200,57335.93,59452.5,57170.8,59177.36,-1.0
2024-09-03,1725321600,59173.9,59844.43,57452.97,57534.86,-1.0
2024-09-04,1725408000,57526.73,58547.31,55696.18,58003.25,-1.0
2024-09-05,1725494400,58007.03,58344.51,55663.64,56200.43,-1.0
2024-09-06,1725580800,56204.18,57016.53,52600.25,53997.33,-1.0
2024-09-07,1725667200,53993.58,54895.05,53783.53,54189.68,-1.0
2024-09-08,1725753600,54189.53,55346.89,53661.89,54903.73,-1.0
2024-09-09,1725840000,54908.25,58105.19,54620.72,57071.4,-1.0
2024-09-10,1725926400,57071.88,58057.09,56428.24,57673.15,-1.0
2024-09-11,1726012800,57669.04,58027.09,55592.13,57374.1,-1.0
2024-09-12,1726099200,57375.41,58589.6,57358.54,58174.16,-1.0
2024-09-13,1726185600,58174.43,60681.85,57671.83,60578.59,-1.0
2024-09-14,1726272000,60578.36,60669.5,59504.77,60040.86,1.0
2024-09-15,1726358400,60040.88,60416.34,58735.21,59170.86,1.0
2024-09-16,1726444800,59166.2,59233.96,57526.43,58239.99,1.0
2024-09-17,1726531200,58239.27,61335.35,57660.04,60345.2,1.0
2024-09-18,1726617600,60346.87,61809.93,59205.28,61789.22,1.0
2024-09-19,1726704000,61791.52,63890.96,61613.59,62963.56,1.0
2024-09-20,1726790400,62969.56,64137.17,62375.33,63209.22,1.0
2024-09-21,1726876800,63203.81,63575.78,62780.25,63379.46,1.0
2024-09-22,1726963200,63379.71,64020.75,62422.04,63604.72,1.0
2024-09-23,1727049600,63608.9,64772.24,62620.32,63363.07,1.0
2024-09-24,1727136000,63371.81,64708.25,62749.64,64296.43,1.0
2024-09-25,1727222400,64305.46,64816.0,62967.05,63170.27,1.0
2024-09-26,1727308800,63163.58,65842.23,62701.57,65210.68,1.0
2024-09-27,1727395200,65208.67,66524.45,64874.01,65821.73,1.0
2024-09-28,1727481600,65828.33,66287.52,65471.43,65906.85,1.0
2024-09-29,1727568000,65898.51,66094.5,65482.92,65643.25,1.0
2024-09-30,1727654400,65643.53,65657.01,62895.46,63352.44,1.0
2024-10-01,1727740800,63357.38,64136.44,60207.82,60844.28,1.0
2024-10-02,1727827200,60829.93,62390.09,60020.05,60672.17,1.0
2024-10-03,1727913600,60671.81,61500.86,59884.72,60780.4,1.0
2024-10-04,1728000000,60777.93,62499.75,60495.53,62114.43,1.0
2024-10-05,1728086400,62114.93,62378.34,61713.09,62075.32,1.0
2024-10-06,1728172800,62071.2,62973.69,61827.19,62832.04,1.0
2024-10-07,1728259200,62836.58,64461.08,62147.77,62225.97,1.0
2024-10-08,1728345600,62221.73,63197.81,61857.22,62150.73,1.0
2024-10-09,1728432000,62144.01,62522.67,60292.25,60592.07,1.0
2024-10-10,1728518400,60593.82,61279.75,58890.48,60293.51,1.0
2024-10-11,1728604800,60292.61,63423.8,60059.6,62513.56,1.0
2024-10-12,1728691200,62529.56,63491.06,62500.54,63225.12,1.0
2024-10-13,1728777600,63224.0,63305.05,62076.48,62878.8,1.0
2024-10-14,1728864000,62879.95,66483.5,62485.67,66085.04,1.0
2024-10-15,1728950400,66085.06,67889.47,64773.89,67075.27,1.0
2024-10-16,1729036800,67076.41,68370.65,66774.88,67618.58,1.0
2024-10-17,1729123200,67615.11,67925.72,66652.12,67414.03,1.0
2024-10-18,1729209600,67413.16,68966.23,67188.79,68413.6,1.0
2024-10-19,1729296000,68413.83,68657.75,68030.76,68364.41,1.0
2024-10-20,1729382400,68366.18,69365.0,68107.64,69020.34,1.0
2024-10-21,1729468800,69020.34,69504.7,66849.4,67374.06,1.0
2024-10-22,1729555200,67375.81,67789.5,66576.1,67388.67,1.0
2024-10-23,1729641600,67391.98,67417.04,65153.38,66632.63,1.0
2024-10-24,1729728000,66629.4,68810.05,66469.88,68167.49,1.0
2024-10-25,1729814400,68167.74,68729.35,65538.5,66620.83,1.0
2024-10-26,1729900800,66613.83,67377.89,66373.99,67030.64,1.0
2024-10-27,1729987200,67031.06,68254.34,66865.8,67964.35,1.0
2024-10-28,1730073600,67964.12,70235.25,67567.12,69935.85,1.0
2024-10-29,1730160000,69936.62,73581.22,69738.47,72700.59,1.0
2024-10-30,1730246400,72704.34,72956.13,71405.75,72359.0,1.0
2024-10-31,1730332800,72358.75,72669.01,69606.58,70244.48,1.0
2024-11-01,1730419200,70236.03,71611.25,68796.5,69509.1,1.0
2024-11-02,1730505600,69502.94,69894.18,69025.75,69327.49,1.0
2024-11-03,1730592000,69333.21,69372.74,67479.18,68757.97,1.0
2024-11-04,1730678400,68757.27,69458.39,66824.44,67816.69,1.0
2024-11-05,1730764800,67823.49,70544.17,67473.23,69399.86,1.0
2024-11-06,1730851200,69404.34,76406.79,69326.71,75626.39,1.0
2024-11-07,1730937600,75626.16,76895.38,74459.99,75913.55,1.0
2024-11-08,1731024000,75914.08,77218.3,75660.07,76543.53,1.0
2024-11-09,1731110400,76543.55,76923.17,75734.45,76717.34,1.0
2024-11-10,1731196800,76714.09,81499.25,76547.56,80410.55,1.0
2024-11-11,1731283200,80410.75,89609.5,80275.31,88711.08,1.0
2024-11-12,1731369600,88714.06,90049.0,85098.75,88021.43,1.0
2024-11-13,1731456000,88023.18,93432.75,86219.63,90489.68,1.0
2024-11-14,1731542400,90485.05,91797.81,86667.99,87326.4,1.0
2024-11-15,1731628800,87318.84,91888.16,87117.21,91053.34,1.0
2024-11-16,1731715200,91051.09,91772.93,90101.05,90588.34,1.0
2024-11-17,1731801600,90601.06,91422.71,88727.31,89860.17,1.0
2024-11-18,1731888000,89859.03,92610.5,89416.16,90518.8,1.0
2024-11-19,1731974400,90519.58,93978.46,90415.46,92370.75,1.0
2024-11-20,1732060800,92375.54,94878.75,91511.78,94343.41,1.0
2024-11-21,1732147200,94339.74,98973.38,94088.55,98422.77,1.0
2024-11-22,1732233600,98429.28,99661.0,97168.46,98931.26,1.0
2024-11-23,1732320000,98937.01,98951.03,97199.05,97712.72,1.0
2024-11-24,1732406400,97709.47,98587.1,95734.74,97964.32,1.0
2024-11-25,1732492800,97962.29,98883.75,92618.73,93048.75,1.0
2024-11-26,1732579200,93035.64,95022.23,90767.9,91968.26,1.0
2024-11-27,1732665600,91965.03,97344.49,91807.44,95958.77,1.0
2024-11-28,1732752000,95947.75,96653.83,94686.3,95681.33,1.0
2024-11-29,1732838400,95683.58,98711.78,95422.54,97515.07,1.0
2024-11-30,1732924800,97514.63,97522.7,96162.18,96466.91,1.0
2024-12-01,1733011200,96474.56,97903.48,95775.45,97290.95,1.0
2024-12-02,1733097600,97282.54,98193.83,94483.16,95871.8,1.0
2024-12-03,1733184000,95874.55,96320.08,93626.6,95953.01,1.0
2024-12-04,1733270400,95953.09,99223.53,94671.94,98743.34,1.0
2024-12-05,1733356800,98741.09,103915.63,91186.97,97011.13,1.0
2024-12-06,1733443200,96983.69,102024.28,96401.88,99862.81,1.0
2024-12-07,1733529600,99859.09,100547.42,98980.43,99923.56,1.0
2024-12-08,1733616000,99931.05,101430.51,98746.09,101197.25,1.0
2024-12-09,1733702400,101193.25,101269.01,94208.17,97400.68,1.0
2024-12-10,1733788800,97348.92,98318.52,94319.62,96653.47,1.0
2024-12-11,1733875200,96658.46,101911.5,95743.2,101167.53,1.0
2024-12-12,1733961600,101181.68,102509.25,99296.0,100039.64,1.0
2024-12-13,1734048000,100018.21,101905.58,99236.7,101429.21,1.0
2024-12-14,1734134400,101426.21,102600.05,100614.75,101375.52,1.0
2024-12-15,1734220800,101382.03,105062.25,101224.21,104392.49,1.0
2024-12-16,1734307200,104409.11,107766.45,103287.65,106027.5,1.0
2024-12-17,1734393600,106039.8,108287.62,105233.74,106123.97,1.0
2024-12-18,1734480000,106125.46,106472.61,100006.16,100144.96,-1.0
2024-12-19,1734566400,100159.42,102773.31,95583.77,97415.15,-1.0
2024-12-20,1734652800,97430.68,98125.04,92190.17,97793.95,-1.0
2024-12-21,1734739200,97788.89,99550.24,96387.95,97240.67,-1.0
2024-12-22,1734825600,97249.45,97380.07,94229.27,95122.16,-1.0
2024-12-23,1734912000,95123.26,96450.27,92458.23,94782.99,-1.0
2024-12-24,1734998400,94784.07,99454.25,93489.56,98641.92,-1.0
2024-12-25,1735084800,98649.92,99485.13,97616.37,99362.77,-1.0
2024-12-26,1735171200,99376.72,99872.45,95160.26,95720.87,-1.0
2024-12-27,1735257600,95719.58,97385.02,93358.33,94226.95,-1.0
2024-12-28,1735344000,94224.08,95619.04,94093.31,95251.73,-1.0
2024-12-29,1735430400,95245.42,95264.29,92939.55,93653.84,-1.0
2024-12-30,1735516800,93655.34,94948.8,91384.7,92710.5,-1.0
2024-12-31,1735603200,92713.0,96176.49,91973.56,93466.28,-1.0
2025-01-01,1735689600,93455.85,95021.73,92792.93,94477.35,-1.0
2025-01-02,1735776000,94475.37,97782.22,94267.55,96912.6,-1.0
2025-01-03,1735862400,96910.2,98959.23,96070.93,98139.9,-1.0
2025-01-04,1735948800,98140.74,98752.46,97551.51,98230.44,-1.0
2025-01-05,1736035200,98232.69,98813.0,97283.25,98344.63,-1.0
2025-01-06,1736121600,98361.24,102513.4,97949.25,102267.85,-1.0
2025-01-07,1736208000,102269.85,102753.82,96138.28,96957.3,-1.0
2025-01-08,1736294400,96952.8,97270.29,92510.75,95091.01,-1.0
2025-01-09,1736380800,95078.07,95356.59,91250.13,92578.29,-1.0
2025-01-10,1736467200,92579.74,95840.28,92252.56,94734.25,-1.0
2025-01-11,1736553600,94734.6,95015.06,93867.51,94602.78,-1.0
2025-01-12,1736640000,94605.5,95395.21,93710.63,94509.13,-1.0
2025-01-13,1736726400,94509.06,95905.8,89224.11,94545.14,-1.0
2025-01-14,1736812800,94552.86,97361.55,94364.59,96579.77,-1.0
2025-01-15,1736899200,96589.27,100705.79,96509.5,100502.16,-1.0
2025-01-16,1736985600,100500.69,100820.0,97327.65,99993.37,-1.0
2025-01-17,1737072000,99990.79,105896.25,99958.65,104088.95,-1.0
2025-01-18,1737158400,104088.95,104927.36,102223.36,104435.75,-1.0
2025-01-19,1737244800,104434.75,106306.26,99555.3,101234.81,-1.0
2025-01-20,1737331200,101227.45,109354.0,99469.57,102164.81,-1.0
2025-01-21,1737417600,102158.13,107279.03,100088.05,106155.27,-1.0
2025-01-22,1737504000,106155.27,106361.19,103273.33,103656.9,-1.0
2025-01-23,1737590400,103659.3,106888.02,101243.68,103927.39,-1.0
2025-01-24,1737676800,103924.64,107114.9,102751.48,104833.92,-1.0
2025-01-25,1737763200,104837.88,105246.28,104145.0,104719.19,-1.0
2025-01-26,1737849600,104719.06,105430.7,102526.59,102598.13,-1.0
2025-01-27,1737936000,102598.7,103228.62,97738.18,102146.43,-1.0
2025-01-28,1738022400,102138.06,103773.46,100254.7,101335.45,-1.0
2025-01-29,1738108800,101332.73,104786.94,101315.3,103745.56,-1.0
2025-01-30,1738195200,103750.84,106466.54,103326.31,104742.69,-1.0
2025-01-31,1738281600,104742.43,106044.0,101494.75,102424.82,-1.0
2025-02-01,1738368000,102424.51,102768.56,100261.75,100646.51,-1.0
2025-02-02,1738454400,100644.05,101441.34,96161.75,97661.91,-1.0
2025-02-03,1738540800,97660.63,102514.71,91341.25,101403.08,-1.0
2025-02-04,1738627200,101402.81,101742.28,96167.44,97807.64,-1.0
2025-02-05,1738713600,97812.62,99168.37,96176.25,96622.53,-1.0
2025-02-06,1738800000,96619.26,99169.54,95743.74,96593.71,-1.0
2025-02-07,1738886400,96596.94,100190.62,95646.27,96549.65,-1.0
2025-02-08,1738972800,96549.36,96895.79,95696.81,96516.44,-1.0
2025-02-09,1739059200,96513.94,97334.12,94803.69,96510.21,-1.0
2025-02-10,1739145600,96525.37,98371.06,95320.48,97476.15,-1.0
2025-02-11,1739232000,97477.22,98519.33,94901.82,95811.3,-1.0
2025-02-12,1739318400,95811.01,98126.7,94166.73,97906.38,-1.0
2025-02-13,1739404800,97906.57,98108.53,95276.18,96673.82,-1.0
2025-02-14,1739491200,96668.82,98852.03,96335.07,97495.51,-1.0
2025-02-15,1739577600,97493.74,97960.71,97248.83,97587.54,-1.0
2025-02-16,1739664000,97592.94,97722.06,96098.82,96163.25,-1.0
2025-02-17,1739750400,96146.75,97065.06,95273.93,95820.4,-1.0
2025-02-18,1739836800,95821.65,96754.48,93407.68,95663.6,-1.0
2025-02-19,1739923200,95664.99,96919.25,95064.45,96675.18,-1.0
2025-02-20,1740009600,96674.43,98783.14,96469.69,98364.08,-1.0
2025-02-21,1740096000,98363.58,99520.16,94852.23,96183.13,-1.0
2025-02-22,1740182400,96184.88,96998.13,95818.56,96618.81,-1.0
2025-02-23,1740268800,96617.4,96683.63,95298.73,96320.35,-1.0
2025-02-24,1740355200,96320.91,96537.35,91465.75,91642.56,-1.0
2025-02-25,1740441600,91621.32,92595.57,86007.55,88670.09,-1.0
2025-02-26,1740528000,88667.44,89369.67,81923.53,84176.15,-1.0
2025-02-27,1740614400,84196.17,87063.27,82695.03,84740.65,-1.0
2025-02-28,1740700800,84731.23,85147.3,78300.2,84395.48,-1.0
2025-03-01,1740787200,84385.74,86596.72,83872.46,86112.89,-1.0
2025-03-02,1740873600,86109.91,95150.47,84971.86,94322.37,-1.0
2025-03-03,1740960000,94327.62,94468.05,85133.25,86235.95,-1.0
2025-03-04,1741046400,86235.95,88988.82,81463.63,87302.99,-1.0
2025-03-05,1741132800,87307.48,91057.53,86426.91,90668.28,-1.0
2025-03-06,1741219200,90664.03,92836.45,87883.2,89969.16,-1.0
2025-03-07,1741305600,89970.58,91309.6,84715.74,86830.07,-1.0
2025-03-08,1741392000,86827.15,86918.45,85272.25,86264.2,-1.0
2025-03-09,1741478400,86268.19,86551.8,80061.68,80760.79,-1.0
2025-03-10,1741564800,80775.03,84064.29,79239.18,80359.99,-1.0
2025-03-11,1741651200,78641.52,83648.98,76702.93,82961.63,-1.0
2025-03-12,1741737600,82975.2,84497.92,80662.78,83702.21,-1.0
2025-03-13,1741824000,83716.71,84343.55,79957.93,81138.43,-1.0
2025-03-14,1741910400,81139.2,85344.58,80860.84,84040.02,-1.0
2025-03-15,1741996800,84045.39,84733.21,83686.04,84391.84,-1.0
2025-03-16,1742083200,84395.86,85113.09,82038.31,82619.12,-1.0
2025-03-17,1742169600,82622.63,84779.87,82512.25,84082.65,-1.0
2025-03-18,1742256000,84044.4,84063.72,81198.75,82763.04,-1.0
2025-03-19,1742342400,82757.98,87061.11,82603.71,86913.62,-1.0
2025-03-20,1742428800,86914.39,87504.69,83654.96,84204.01,-1.0
2025-03-21,1742515200,84209.25,84831.76,83180.33,84075.32,-1.0
2025-03-22,1742601600,84075.07,84512.94,83700.02,83848.51,-1.0
2025-03-23,1742688000,83845.52,86158.25,83833.64,86130.11,-1.0
2025-03-24,1742774400,86132.36,88798.66,85586.54,87536.73,-1.0
2025-03-25,1742860800,87530.25,88568.59,86350.67,87482.0,-1.0
2025-03-26,1742947200,87481.73,88330.78,85907.43,86956.75,-1.0
2025-03-27,1743033600,86970.0,87808.73,85841.73,87240.85,-1.0
2025-03-28,1743120000,87241.24,87499.71,84829.04,84980.98,-1.0
